"polish"	"indpol_hindi"	"indpol_marathi"	"hindi_meaning"	"marathi_meaning"	"english_meaning"	"pos"	"level"
"20"	"20"	"20"	"[अर्थ लंबित]"	"[अर्थ प्रलंबित: twenty]"	"twenty"	"noun"	"A1"
"a zatem"	"अ ज़अतेम"	"अ ज़अतएम"	"[अर्थ लंबित]"	"[अर्थ प्रलंबित: thus]"	"thus"	"noun"	"A2"
"absolutnie"	"अबसोलुतनिे"	"अबसओलउतनिए"	"[अर्थ लंबित]"	"[अर्थ प्रलंबित: absolutely]"	"absolutely"	"noun"	"B2"
"aby móc"	"अबि मउत्स"	"अबइ मउत्स"	"[अर्थ लंबित]"	"[अर्थ प्रलंबित: to can]"	"to can"	"noun"	"A1"
"aby odnieść sukces"	"अबि ोदनिेशच सुकत्सेस"	"अबइ ओदनिएशच सउकत्सएस"	"[अर्थ लंबित]"	"[अर्थ प्रलंबित: to succeed]"	"to succeed"	"noun"	"B1"
"adresować"	"अदरेसोवअच"	"अदरएसओवअच"	"[अर्थ लंबित]"	"[अर्थ प्रलंबित: to address]"	"to address"	"verb"	"A2"
"akceptować"	"अकत्सेपतोवअच"	"अकत्सएपतओवअच"	"[अर्थ लंबित]"	"[अर्थ प्रलंबित: to accept]"	"to accept"	"verb"	"A2"
"akcja"	"अकत्सयअ"	"अकत्सयअ"	"[अर्थ लंबित]"	"[अर्थ प्रलंबित: action]"	"action"	"noun"	"A2"
"Aktualności"	"अकतुअलनोशचि"	"अकतउअलनओशचि"	"[अर्थ लंबित]"	"[अर्थ प्रलंबित: news]"	"news"	"noun"	"A2"
"aktywność"	"अकतिवनोशच"	"अकतइवनओशच"	"[अर्थ लंबित]"	"[अर्थ प्रलंबित: activity]"	"activity"	"noun"	"B2"
"ale"	"अले"	"अलए"	"[अर्थ लंबित]"	"[अर्थ प्रलंबित: but]"	"but"	"noun"	"A1"
"Ameryka"	"अमेरिकअ"	"अमएरइकअ"	"[अर्थ लंबित]"	"[अर्थ प्रलंबित: America]"	"America"	"noun"	"B1"
"amerykański"	"अमेरिकअञसकि"	"अमएरइकअञसकइ"	"[अर्थ लंबित]"	"[अर्थ प्रलंबित: American]"	"American"	"noun"	"A2"
"angażować się"	"अनगअझोवअच शिएं"	"अनगअझओवअच शिएं"	"[अर्थ लंबित]"	"[अर्थ प्रलंबित: to engage]"	"to engage"	"noun"	"B1"
"Anglia"	"अनगलिअ"	"अनगलइअ"	"[अर्थ लंबित]"	"[अर्थ प्रलंबित: England]"	"England"	"noun"	"A2"
"ani"	"अनि"	"अनि"	"[अर्थ लंबित]"	"[अर्थ प्रलंबित: nor]"	"nor"	"noun"	"A2"
"anioł"	"अनिोव"	"अनिओव"	"[अर्थ लंबित]"	"[अर्थ प्रलंबित: angel]"	"angel"	"noun"	"B2"
"ansvarlig"	"अनसवअरलिग"	"अनसवअरलइग"	"[अर्थ लंबित]"	"[अर्थ प्रलंबित: responsible]"	"responsible"	"noun"	"C1"
"apartament"	"अपअरतअमेनत"	"अपअरतअमएनत"	"[अर्थ लंबित]"	"[अर्थ प्रलंबित: apartment]"	"apartment"	"noun"	"A2"
"arkusz"	"अरकुश"	"अरकउश"	"[अर्थ लंबित]"	"[अर्थ प्रलंबित: sheet]"	"sheet"	"noun"	"B1"
"armia"	"अरमिअ"	"अरमइअ"	"[अर्थ लंबित]"	"[अर्थ प्रलंबित: army]"	"army"	"noun"	"B1"
"artykuł"	"अरतिकुव"	"अरतइकउव"	"[अर्थ लंबित]"	"[अर्थ प्रलंबित: article]"	"article"	"noun"	"B2"
"artysta"	"अरतिसतअ"	"अरतइसतअ"	"[अर्थ लंबित]"	"[अर्थ प्रलंबित: artist]"	"artist"	"noun"	"A1"
"aspekt"	"असपेकत"	"असपएकत"	"[अर्थ लंबित]"	"[अर्थ प्रलंबित: aspect]"	"aspect"	"noun"	"C1"
"atak"	"अतअक"	"अतअक"	"[अर्थ लंबित]"	"[अर्थ प्रलंबित: attack]"	"attack"	"noun"	"A2"
"autobus"	"अुतोबुस"	"अउतओबउस"	"[अर्थ लंबित]"	"[अर्थ प्रलंबित: bus]"	"bus"	"noun"	"B2"
"autor"	"अुतोर"	"अउतओर"	"[अर्थ लंबित]"	"[अर्थ प्रलंबित: author]"	"author"	"noun"	"B1"
"autorytet"	"अुतोरितेत"	"अउतओरइतएत"	"[अर्थ लंबित]"	"[अर्थ प्रलंबित: authority]"	"authority"	"noun"	"B1"
"aż do"	"अझ दो"	"अझ दओ"	"[अर्थ लंबित]"	"[अर्थ प्रलंबित: until]"	"until"	"noun"	"A1"
"babcia"	"बअबचिअ"	"बअबचिअ"	"[अर्थ लंबित]"	"[अर्थ प्रलंबित]"	""	"noun"	"A1"
"babka"	"बअबकअ"	"बअबकअ"	"[अर्थ लंबित]"	"[अर्थ प्रलंबित: grandmother]"	"grandmother"	"noun"	"B2"
"bać"	"बअच"	"बअच"	"डर लगना"	"भीती वाटणे"	""	"verb"	"A1"
"badania"	"बअदअनिअ"	"बअदअनिअ"	"[अर्थ लंबित]"	"[अर्थ प्रलंबित: research]"	"research"	"noun"	"C1"
"bałagan"	"बअवअगअन"	"बअवअगअन"	"[अर्थ लंबित]"	"[अर्थ प्रलंबित: mess]"	"mess"	"noun"	"B2"
"Bank"	"बअनक"	"बअनक"	"[अर्थ लंबित]"	"[अर्थ प्रलंबित: bank]"	"bank"	"noun"	"A2"
"bar"	"बअर"	"बअर"	"बार"	"बार"	""	"noun"	"A1"
"bardzo"	"बअरजो"	"बअरजओ"	"[अर्थ लंबित]"	"[अर्थ प्रलंबित: very]"	"very"	"noun"	"A1"
"basen"	"बअसेन"	"बअसएन"	"[अर्थ लंबित]"	"[अर्थ प्रलंबित: pool]"	"pool"	"noun"	"B2"
"baza"	"बअज़अ"	"बअज़अ"	"[अर्थ लंबित]"	"[अर्थ प्रलंबित: base]"	"base"	"noun"	"B1"
"belka"	"बेलकअ"	"बएलकअ"	"[अर्थ लंबित]"	"[अर्थ प्रलंबित: beam]"	"beam"	"noun"	"B2"
"bestia"	"बेसतिअ"	"बएसतइअ"	"[अर्थ लंबित]"	"[अर्थ प्रलंबित: beast]"	"beast"	"noun"	"B2"
"bez"	"बेज़"	"बएज़"	"[अर्थ लंबित]"	"[अर्थ प्रलंबित: without]"	"without"	"noun"	"A1"
"bez smaku"	"बेज़ समअकु"	"बएज़ समअकउ"	"[अर्थ लंबित]"	"[अर्थ प्रलंबित]"	""	"noun"	"A1"
"bezpieczeństwo"	"बेज़पिेचेञसतवो"	"बएज़पइएचएञसतवओ"	"[अर्थ लंबित]"	"[अर्थ प्रलंबित: security]"	"security"	"noun"	"B2"
"bezpieczny"	"बेज़पिेचनि"	"बएज़पइएचनइ"	"[अर्थ लंबित]"	"[अर्थ प्रलंबित: safe]"	"safe"	"noun"	"A2"
"bezpośrednio"	"बेज़पोशरेदनिो"	"बएज़पओशरएदनिओ"	"[अर्थ लंबित]"	"[अर्थ प्रलंबित: directly]"	"directly"	"noun"	"B1"
"biały"	"बिअवि"	"बइअवइ"	"सफेद"	"पांढरा"	"white"	"noun"	"A1"
"biblioteka"	"बिबलिोतेकअ"	"बइबलइओतएकअ"	"[अर्थ लंबित]"	"[अर्थ प्रलंबित: library]"	"library"	"noun"	"B2"
"biczować"	"बिचोवअच"	"बइचओवअच"	"[अर्थ लंबित]"	"[अर्थ प्रलंबित: to whip]"	"to whip"	"verb"	"B2"
"biegać"	"बिेगअच"	"बइएगअच"	"दौड़ना"	"धावणे"	"to run"	"verb"	"A1"
"biodro"	"बिोदरो"	"बइओदरओ"	"[अर्थ लंबित]"	"[अर्थ प्रलंबित: hip]"	"hip"	"noun"	"B2"
"bitwa"	"बितवअ"	"बइतवअ"	"[अर्थ लंबित]"	"[अर्थ प्रलंबित: battle]"	"battle"	"noun"	"A2"
"biurko"	"बिुरको"	"बइउरकओ"	"[अर्थ लंबित]"	"[अर्थ प्रलंबित: desk]"	"desk"	"noun"	"A2"
"biuro"	"बिुरो"	"बइउरओ"	"कार्यालय"	"कार्यालय"	""	"noun"	"A1"
"biznes"	"बिज़नेस"	"बइज़नएस"	"[अर्थ लंबित]"	"[अर्थ प्रलंबित: business]"	"business"	"noun"	"A1"
"błąd"	"बवओंद"	"बवओंद"	"[अर्थ लंबित]"	"[अर्थ प्रलंबित: mistake]"	"mistake"	"noun"	"A2"
"blady"	"बलअदि"	"बलअदइ"	"[अर्थ लंबित]"	"[अर्थ प्रलंबित: pale]"	"pale"	"noun"	"A2"
"błagać"	"बवअगअच"	"बवअगअच"	"[अर्थ लंबित]"	"[अर्थ प्रलंबित: to beg]"	"to beg"	"verb"	"B1"
"Blisko"	"बलिसको"	"बलइसकओ"	"[अर्थ लंबित]"	"[अर्थ प्रलंबित: near]"	"near"	"noun"	"A1"
"blok"	"बलोक"	"बलओक"	"[अर्थ लंबित]"	"[अर्थ प्रलंबित: block]"	"block"	"noun"	"B1"
"błyskotliwy"	"बविसकोतलिवि"	"बवइसकओतलइवइ"	"[अर्थ लंबित]"	"[अर्थ प्रलंबित: brilliant]"	"brilliant"	"noun"	"C1"
"błysnąć"	"बविसनओंच"	"बवइसनओंच"	"[अर्थ लंबित]"	"[अर्थ प्रलंबित: to flash]"	"to flash"	"noun"	"A2"
"bo"	"बो"	"बओ"	"[अर्थ लंबित]"	"[अर्थ प्रलंबित: because]"	"because"	"noun"	"A1"
"bóg"	"बउग"	"बउग"	"[अर्थ लंबित]"	"[अर्थ प्रलंबित: god]"	"god"	"noun"	"B1"
"bogaty"	"बोगअति"	"बओगअतइ"	"[अर्थ लंबित]"	"[अर्थ प्रलंबित: rich]"	"rich"	"noun"	"A2"
"bohater"	"बोहअतेर"	"बओहअतएर"	"[अर्थ लंबित]"	"[अर्थ प्रलंबित: hero]"	"hero"	"noun"	"B1"
"bok"	"बोक"	"बओक"	"[अर्थ लंबित]"	"[अर्थ प्रलंबित: side]"	"side"	"noun"	"A1"
"ból"	"बउल"	"बउल"	"[अर्थ लंबित]"	"[अर्थ प्रलंबित: pain]"	"pain"	"noun"	"A2"
"boleć"	"बोलेच"	"बओलएच"	"[अर्थ लंबित]"	"[अर्थ प्रलंबित: to ache]"	"to ache"	"verb"	"B2"
"Boże Narodzenie"	"बोझे नअरोजेनिे"	"बओझए नअरओजएनिए"	"[अर्थ लंबित]"	"[अर्थ प्रलंबित: Christmas]"	"Christmas"	"noun"	"B1"
"brać"	"बरअच"	"बरअच"	"लेना"	"घेणे"	"to take"	"verb"	"A1"
"brak"	"बरअक"	"बरअक"	"[अर्थ लंबित]"	"[अर्थ प्रलंबित: lack]"	"lack"	"noun"	"B1"
"brama"	"बरअमअ"	"बरअमअ"	"[अर्थ लंबित]"	"[अर्थ प्रलंबित: gate]"	"gate"	"noun"	"A2"
"brat"	"बरअत"	"बरअत"	"भाई"	"भाऊ"	"brother"	"noun"	"A1"
"brązowy"	"बरओंज़ोवि"	"बरओंज़ओवइ"	"भूरा"	"तपकिरी"	"brown"	"noun"	"A1"
"brew"	"बरेव"	"बरएव"	"[अर्थ लंबित]"	"[अर्थ प्रलंबित: eyebrow]"	"eyebrow"	"noun"	"B2"
"broń"	"बरोञ"	"बरओञ"	"[अर्थ लंबित]"	"[अर्थ प्रलंबित: weapon]"	"weapon"	"noun"	"B1"
"bronić"	"बरोनिच"	"बरओनिच"	"[अर्थ लंबित]"	"[अर्थ प्रलंबित: to defend]"	"to defend"	"verb"	"C1"
"brud"	"बरुद"	"बरउद"	"[अर्थ लंबित]"	"[अर्थ प्रलंबित: dirt]"	"dirt"	"noun"	"C1"
"brudny"	"बरुदनि"	"बरउदनइ"	"गंदा"	"गोंधळलेला"	"dirty"	"noun"	"A1"
"brwi"	"बरवि"	"बरवइ"	"[अर्थ लंबित]"	"[अर्थ प्रलंबित]"	""	"noun"	"A1"
"Brytyjski"	"बरितियसकि"	"बरइतइयसकइ"	"[अर्थ लंबित]"	"[अर्थ प्रलंबित: British]"	"British"	"noun"	"B1"
"brzeg"	"बझेग"	"बझएग"	"[अर्थ लंबित]"	"[अर्थ प्रलंबित: shore]"	"shore"	"noun"	"B1"
"brzuch"	"बझुख"	"बझउख"	"[अर्थ लंबित]"	"[अर्थ प्रलंबित: belly]"	"belly"	"noun"	"A1"
"brzydki"	"बझिदकि"	"बझइदकइ"	"बदसूरत"	"कुरूप"	"ugly"	"noun"	"A1"
"budować"	"बुदोवअच"	"बउदओवअच"	"[अर्थ लंबित]"	"[अर्थ प्रलंबित: to build]"	"to build"	"verb"	"A2"
"budynek"	"बुदिनेक"	"बउदइनएक"	"[अर्थ लंबित]"	"[अर्थ प्रलंबित: building]"	"building"	"noun"	"A2"
"budzić"	"बुजिच"	"बउजिच"	"[अर्थ लंबित]"	"[अर्थ प्रलंबित: to wake]"	"to wake"	"verb"	"A2"
"burza"	"बुझअ"	"बउझअ"	"[अर्थ लंबित]"	"[अर्थ प्रलंबित: storm]"	"storm"	"noun"	"A1"
"but"	"बुत"	"बउत"	"[अर्थ लंबित]"	"[अर्थ प्रलंबित: shoe]"	"shoe"	"noun"	"A1"
"butelka"	"बुतेलकअ"	"बउतएलकअ"	"[अर्थ लंबित]"	"[अर्थ प्रलंबित: bottle]"	"bottle"	"noun"	"A2"
"być"	"बिच"	"बिच"	"होना"	"असणे"	"to be"	"verb"	"A1"
"być może"	"बिच मोझे"	"बइच मओझए"	"[अर्थ लंबित]"	"[अर्थ प्रलंबित: perhaps]"	"perhaps"	"noun"	"A1"
"bycie"	"बिचिे"	"बइचिए"	"[अर्थ लंबित]"	"[अर्थ प्रलंबित: being]"	"being"	"noun"	"B1"
"byle co"	"बिले त्सो"	"बइलए त्सओ"	"[अर्थ लंबित]"	"[अर्थ प्रलंबित: anything]"	"anything"	"noun"	"A1"
"cal"	"त्सअल"	"त्सअल"	"[अर्थ लंबित]"	"[अर्थ प्रलंबित: inch]"	"inch"	"noun"	"B1"
"całkiem"	"त्सअवकिेम"	"त्सअवकइएम"	"[अर्थ लंबित]"	"[अर्थ प्रलंबित: quite]"	"quite"	"noun"	"A1"
"całkowicie"	"त्सअवकोविचिे"	"त्सअवकओवइचिए"	"[अर्थ लंबित]"	"[अर्थ प्रलंबित: completely]"	"completely"	"noun"	"A2"
"całkowity"	"त्सअवकोविति"	"त्सअवकओवइतइ"	"[अर्थ लंबित]"	"[अर्थ प्रलंबित: total]"	"total"	"noun"	"C1"
"cały"	"त्सअवि"	"त्सअवइ"	"[अर्थ लंबित]"	"[अर्थ प्रलंबित: whole]"	"whole"	"noun"	"A1"
"cel, powód"	"त्सेल, पोवउद"	"त्सएल, पओवउद"	"[अर्थ लंबित]"	"[अर्थ प्रलंबित: purpose]"	"purpose"	"noun"	"A2"
"celować"	"त्सेलोवअच"	"त्सएलओवअच"	"[अर्थ लंबित]"	"[अर्थ प्रलंबित: to aim]"	"to aim"	"verb"	"B2"
"cena"	"त्सेनअ"	"त्सएनअ"	"[अर्थ लंबित]"	"[अर्थ प्रलंबित: price]"	"price"	"noun"	"B1"
"cenny"	"त्सेननि"	"त्सएननइ"	"[अर्थ लंबित]"	"[अर्थ प्रलंबित: precious]"	"precious"	"noun"	"C1"
"centrum"	"त्सेनतरुम"	"त्सएनतरउम"	"[अर्थ लंबित]"	"[अर्थ प्रलंबित: center]"	"center"	"noun"	"B1"
"chata"	"खअतअ"	"खअतअ"	"[अर्थ लंबित]"	"[अर्थ प्रलंबित: cottage]"	"cottage"	"noun"	"C1"
"chcieć"	"खचिेच"	"खचिएच"	"[अर्थ लंबित]"	"[अर्थ प्रलंबित: to want]"	"to want"	"verb"	"A1"
"chętny"	"खएंतनि"	"खएंतनइ"	"[अर्थ लंबित]"	"[अर्थ प्रलंबित: willing]"	"willing"	"noun"	"B1"
"chichotać"	"खिखोतअच"	"खइखओतअच"	"[अर्थ लंबित]"	"[अर्थ प्रलंबित: to chuckle]"	"to chuckle"	"verb"	"B2"
"chiński"	"खिञसकि"	"खइञसकइ"	"[अर्थ लंबित]"	"[अर्थ प्रलंबित: Chinese]"	"Chinese"	"noun"	"C1"
"chirurgia"	"खिरुरगिअ"	"खइरउरगइअ"	"[अर्थ लंबित]"	"[अर्थ प्रलंबित: operation]"	"operation"	"noun"	"B2"
"chleb"	"खलेब"	"ख्लेब"	"ब्रेड"	"ब्रेड"	"bread"	"noun"	"A1"
"chłopak"	"खवोपअक"	"खवओपअक"	"[अर्थ लंबित]"	"[अर्थ प्रलंबित: boy]"	"boy"	"noun"	"A1"
"chłopiec"	"खवोपिेत्स"	"खवओपइएत्स"	"लड़का"	"मुलगा"	""	"noun"	"A1"
"chmura"	"खमुरअ"	"खमउरअ"	"[अर्थ लंबित]"	"[अर्थ प्रलंबित: cloud]"	"cloud"	"noun"	"A1"
"chociaż"	"खोचिअझ"	"खओचिअझ"	"[अर्थ लंबित]"	"[अर्थ प्रलंबित: though]"	"though"	"noun"	"A1"
"chodzić"	"खोजिच"	"खओजिच"	"चलना"	"चालणे"	""	"verb"	"A1"
"cholera"	"खोलेरअ"	"खओलएरअ"	"[अर्थ लंबित]"	"[अर्थ प्रलंबित: damn]"	"damn"	"noun"	"B1"
"chory"	"खोरि"	"खओरइ"	"[अर्थ लंबित]"	"[अर्थ प्रलंबित: ill]"	"ill"	"noun"	"A2"
"chronić"	"खरोनिच"	"खरओनिच"	"[अर्थ लंबित]"	"[अर्थ प्रलंबित: to protect]"	"to protect"	"verb"	"B1"
"Chrystus"	"खरिसतुस"	"खरइसतउस"	"[अर्थ लंबित]"	"[अर्थ प्रलंबित: Christ]"	"Christ"	"noun"	"B1"
"chudy"	"खुदि"	"खउदइ"	"[अर्थ लंबित]"	"[अर्थ प्रलंबित: thin]"	"thin"	"noun"	"A2"
"chwila"	"खविलअ"	"खवइलअ"	"[अर्थ लंबित]"	"[अर्थ प्रलंबित]"	""	"noun"	"A1"
"chwycić"	"खविचिच"	"खवइचिच"	"[अर्थ लंबित]"	"[अर्थ प्रलंबित: to grab]"	"to grab"	"verb"	"A2"
"chyba że"	"खिबअ झे"	"खइबअ झए"	"[अर्थ लंबित]"	"[अर्थ प्रलंबित: unless]"	"unless"	"noun"	"B1"
"Chybienie"	"खिबिेनिे"	"खइबइएनिए"	"[अर्थ लंबित]"	"[अर्थ प्रलंबित: Miss]"	"Miss"	"noun"	"A1"
"ciągnąć"	"चिओंगनओंच"	"चिओंगनओंच"	"[अर्थ लंबित]"	"[अर्थ प्रलंबित: to pull]"	"to pull"	"noun"	"A1"
"ciało"	"चिअवो"	"चिअवओ"	"[अर्थ लंबित]"	"[अर्थ प्रलंबित: body]"	"body"	"noun"	"A1"
"ciasno"	"चिअसनो"	"चिअसनओ"	"[अर्थ लंबित]"	"[अर्थ प्रलंबित: tight]"	"tight"	"noun"	"B1"
"cicho"	"चिखो"	"चिखओ"	"[अर्थ लंबित]"	"[अर्थ प्रलंबित: quietly]"	"quietly"	"noun"	"A2"
"cichy"	"चिखि"	"चिखइ"	"[अर्थ लंबित]"	"[अर्थ प्रलंबित: quiet]"	"quiet"	"noun"	"A2"
"ciekawe"	"चिेकअवे"	"चिएकअवए"	"[अर्थ लंबित]"	"[अर्थ प्रलंबित: interesting]"	"interesting"	"noun"	"B1"
"ciekawość"	"चिेकअवोशच"	"चिएकअवओशच"	"[अर्थ लंबित]"	"[अर्थ प्रलंबित: curiosity]"	"curiosity"	"noun"	"C1"
"ciekawy"	"चिेकअवि"	"चिएकअवइ"	"[अर्थ लंबित]"	"[अर्थ प्रलंबित: curious]"	"curious"	"noun"	"B1"
"ciemność"	"चिेमनोशच"	"चिएमनओशच"	"[अर्थ लंबित]"	"[अर्थ प्रलंबित: darkness]"	"darkness"	"noun"	"A2"
"ciemny"	"चिेमनि"	"चिएमनइ"	"[अर्थ लंबित]"	"[अर्थ प्रलंबित: dark]"	"dark"	"noun"	"A1"
"cień"	"चिेञ"	"चिएञ"	"[अर्थ लंबित]"	"[अर्थ प्रलंबित: shadow]"	"shadow"	"noun"	"A2"
"ciepło"	"चिेपवो"	"चिएपवओ"	"[अर्थ लंबित]"	"[अर्थ प्रलंबित: heat]"	"heat"	"noun"	"B1"
"ciepły"	"चिेपवि"	"चिएपवइ"	"[अर्थ लंबित]"	"[अर्थ प्रलंबित: warm]"	"warm"	"noun"	"A1"
"cierpieć"	"चिेरपिेच"	"चिएरपइएच"	"[अर्थ लंबित]"	"[अर्थ प्रलंबित: to suffer]"	"to suffer"	"verb"	"A2"
"cieszyć się"	"चिेशिच शिएं"	"चिएशइच शिएं"	"[अर्थ लंबित]"	"[अर्थ प्रलंबित: to enjoy]"	"to enjoy"	"noun"	"A2"
"ciężarówka"	"चिएंझअरउवकअ"	"चिएंझअरउवकअ"	"[अर्थ लंबित]"	"[अर्थ प्रलंबित: truck]"	"truck"	"noun"	"B1"
"ciężki"	"चिएंझकि"	"चिएंझकइ"	"[अर्थ लंबित]"	"[अर्थ प्रलंबित: heavy]"	"heavy"	"noun"	"A2"
"ciężko"	"चिएंझको"	"चिएंझकओ"	"[अर्थ लंबित]"	"[अर्थ प्रलंबित: hard]"	"hard"	"noun"	"A1"
"ciocia"	"चिोचिअ"	"चिओचिअ"	"[अर्थ लंबित]"	"[अर्थ प्रलंबित: aunt]"	"aunt"	"noun"	"B2"
"ciśnienie"	"चिशनिेनिे"	"चिशनिएनिए"	"[अर्थ लंबित]"	"[अर्थ प्रलंबित: pressure]"	"pressure"	"noun"	"B2"
"cisza"	"चिशअ"	"चिशअ"	"[अर्थ लंबित]"	"[अर्थ प्रलंबित: silence]"	"silence"	"noun"	"A2"
"cło"	"त्सवो"	"त्सवओ"	"[अर्थ लंबित]"	"[अर्थ प्रलंबित: duty]"	"duty"	"noun"	"A2"
"cnota"	"त्सनोतअ"	"त्सनओतअ"	"[अर्थ लंबित]"	"[अर्थ प्रलंबित: virtue]"	"virtue"	"noun"	"C1"
"co"	"त्सो"	"त्सओ"	"[अर्थ लंबित]"	"[अर्थ प्रलंबित: what]"	"what"	"noun"	"A1"
"codziennie"	"त्सोजिेननिे"	"त्सओजिएननिए"	"[अर्थ लंबित]"	"[अर्थ प्रलंबित: daily]"	"daily"	"noun"	"B2"
"cokolwiek"	"त्सोकोलविेक"	"त्सओकओलवइएक"	"[अर्थ लंबित]"	"[अर्थ प्रलंबित: whatever]"	"whatever"	"noun"	"A2"
"córka"	"त्सउरकअ"	"त्सउरकअ"	"[अर्थ लंबित]"	"[अर्थ प्रलंबित: daughter]"	"daughter"	"noun"	"A1"
"coś"	"त्सोश"	"त्सओश"	"[अर्थ लंबित]"	"[अर्थ प्रलंबित: something]"	"something"	"noun"	"A1"
"cudownie"	"त्सुदोवनिे"	"त्सउदओवनिए"	"[अर्थ लंबित]"	"[अर्थ प्रलंबित: wonderful]"	"wonderful"	"noun"	"B1"
"ćwiczenie"	"चविचेनिे"	"चवइचएनिए"	"[अर्थ लंबित]"	"[अर्थ प्रलंबित: exercise]"	"exercise"	"noun"	"B2"
"czajnik"	"चअयनिक"	"चअयनिक"	"[अर्थ लंबित]"	"[अर्थ प्रलंबित]"	""	"noun"	"A1"
"czapka"	"चअपकअ"	"चअपकअ"	"[अर्थ लंबित]"	"[अर्थ प्रलंबित: cap]"	"cap"	"noun"	"B2"
"czar"	"चअर"	"चअर"	"[अर्थ लंबित]"	"[अर्थ प्रलंबित: charm]"	"charm"	"noun"	"B2"
"czarny"	"चअरनि"	"चअरनइ"	"काला"	"काळा"	"black"	"noun"	"A1"
"czas"	"चअस"	"चअस"	"[अर्थ लंबित]"	"[अर्थ प्रलंबित: time]"	"time"	"noun"	"A1"
"czasami"	"चअसअमि"	"चअसअमइ"	"[अर्थ लंबित]"	"[अर्थ प्रलंबित: sometimes]"	"sometimes"	"noun"	"A2"
"czekać"	"चेकअच"	"चएकअच"	"इंतजार करना"	"प्रतीक्षा करणे"	"to wait"	"verb"	"A1"
"czemu"	"चेमु"	"चएमउ"	"[अर्थ लंबित]"	"[अर्थ प्रलंबित: why]"	"why"	"noun"	"A1"
"czerwiec"	"चेरविेत्स"	"चएरवइएत्स"	"जून"	"जून"	"June"	"noun"	"A1"
"czerwony"	"चेरवोनि"	"चएरवओनइ"	"लाल"	"लाल"	"red"	"noun"	"A1"
"cześć"	"चेशच"	"चएशच"	"[अर्थ लंबित]"	"[अर्थ प्रलंबित: honor]"	"honor"	"noun"	"B1"
"część"	"चएंशच"	"चएंशच"	"[अर्थ लंबित]"	"[अर्थ प्रलंबित: part]"	"part"	"noun"	"A1"
"często"	"चएंसतो"	"चएंसतओ"	"[अर्थ लंबित]"	"[अर्थ प्रलंबित: often]"	"often"	"noun"	"A1"
"członek"	"चवोनेक"	"चवओनएक"	"[अर्थ लंबित]"	"[अर्थ प्रलंबित: member]"	"member"	"noun"	"A2"
"człowiek"	"चवोविेक"	"चवओवइएक"	"व्यक्ति"	"व्यक्ती"	"human"	"noun"	"A1"
"czołgać się"	"चोवगअच शिएं"	"चओवगअच शिएं"	"[अर्थ लंबित]"	"[अर्थ प्रलंबित: to crawl]"	"to crawl"	"noun"	"B2"
"czoło"	"चोवो"	"चओवओ"	"[अर्थ लंबित]"	"[अर्थ प्रलंबित: forehead]"	"forehead"	"noun"	"A1"
"czterdzieści"	"चतेरजिेशचि"	"चतएरजिएशचि"	"[अर्थ लंबित]"	"[अर्थ प्रलंबित: forty]"	"forty"	"noun"	"A1"
"czternaście"	"चतेरनअशचिे"	"चतएरनअशचिए"	"[अर्थ लंबित]"	"[अर्थ प्रलंबित]"	""	"noun"	"A1"
"cztery"	"चतेरि"	"चतएरइ"	"चार"	"चार"	"four"	"noun"	"A1"
"czuć"	"चुच"	"चउच"	"[अर्थ लंबित]"	"[अर्थ प्रलंबित: to feel]"	"to feel"	"noun"	"A1"
"czwartek"	"चवअरतेक"	"च्वार्तेक"	"गुरुवार"	"गुरुवार"	""	"noun"	"A1"
"czy"	"चि"	"चइ"	"[अर्थ लंबित]"	"[अर्थ प्रलंबित: whether]"	"whether"	"noun"	"A2"
"czyścić"	"चिशचिच"	"चइशचिच"	"[अर्थ लंबित]"	"[अर्थ प्रलंबित: to rent]"	"to rent"	"verb"	"C1"
"czyste"	"चिसते"	"चइसतए"	"स्वच्छ"	"स्वच्छ"	"proper"	"noun"	"A1"
"czysty"	"चिसति"	"चइसतइ"	"[अर्थ लंबित]"	"[अर्थ प्रलंबित: clean]"	"clean"	"noun"	"A2"
"czytać"	"चितअच"	"चइतअच"	"पढ़ना"	"वाचणे"	"to read"	"verb"	"A1"
"dać"	"दअच"	"दअच"	"देना"	"देणे"	""	"verb"	"A1"
"dach"	"दअख"	"दअख"	"[अर्थ लंबित]"	"[अर्थ प्रलंबित]"	""	"noun"	"A1"
"daleko"	"दअलेको"	"दअलएकओ"	"[अर्थ लंबित]"	"[अर्थ प्रलंबित: far]"	"far"	"noun"	"A1"
"dama"	"दअमअ"	"दअमअ"	"[अर्थ लंबित]"	"[अर्थ प्रलंबित: lady]"	"lady"	"noun"	"A1"
"data"	"दअतअ"	"दअतअ"	"[अर्थ लंबित]"	"[अर्थ प्रलंबित: date]"	"date"	"noun"	"B1"
"dawać"	"दअवअच"	"दअवअच"	"[अर्थ लंबित]"	"[अर्थ प्रलंबित: to give]"	"to give"	"verb"	"A1"
"dbać"	"दबअच"	"दबअच"	"[अर्थ लंबित]"	"[अर्थ प्रलंबित: to care]"	"to care"	"verb"	"A1"
"decyzja"	"देत्सिज़यअ"	"दएत्सइज़यअ"	"[अर्थ लंबित]"	"[अर्थ प्रलंबित: decision]"	"decision"	"noun"	"B1"
"delikatnie"	"देलिकअतनिे"	"दएलइकअतनिए"	"[अर्थ लंबित]"	"[अर्थ प्रलंबित: gently]"	"gently"	"noun"	"B1"
"delikatny"	"देलिकअतनि"	"दएलइकअतनइ"	"[अर्थ लंबित]"	"[अर्थ प्रलंबित: delicate]"	"delicate"	"noun"	"C1"
"deszcz"	"देश्च"	"दएश्च"	"[अर्थ लंबित]"	"[अर्थ प्रलंबित: rain]"	"rain"	"noun"	"A1"
"detektyw"	"देतेकतिव"	"दएतएकतइव"	"[अर्थ लंबित]"	"[अर्थ प्रलंबित: detective]"	"detective"	"noun"	"C1"
"diabeł"	"दिअबेव"	"दइअबएव"	"[अर्थ लंबित]"	"[अर्थ प्रलंबित: devil]"	"devil"	"noun"	"B2"
"dla"	"दलअ"	"दलअ"	"[अर्थ लंबित]"	"[अर्थ प्रलंबित: for]"	"for"	"noun"	"A1"
"dłoń"	"दवोञ"	"दवओञ"	"[अर्थ लंबित]"	"[अर्थ प्रलंबित: hand]"	"hand"	"noun"	"A1"
"długi"	"दवुगि"	"दवउगइ"	"लंबा"	"लांब"	""	"noun"	"A1"
"długie"	"दवुगिे"	"दवउगइए"	"[अर्थ लंबित]"	"[अर्थ प्रलंबित: long]"	"long"	"noun"	"A1"
"długość"	"दवुगोशच"	"दवउगओशच"	"[अर्थ लंबित]"	"[अर्थ प्रलंबित: length]"	"length"	"noun"	"A2"
"dmuchać"	"दमुखअच"	"दमउखअच"	"[अर्थ लंबित]"	"[अर्थ प्रलंबित: to blow]"	"to blow"	"verb"	"A2"
"do"	"दो"	"दओ"	"[अर्थ लंबित]"	"[अर्थ प्रलंबित: to]"	"to"	"noun"	"A1"
"do awarii"	"दो अवअरिि"	"दओ अवअरइइ"	"[अर्थ लंबित]"	"[अर्थ प्रलंबित: to crash]"	"to crash"	"noun"	"B2"
"Do czegoś"	"दो चेगोश"	"दओ चएगओश"	"[अर्थ लंबित]"	"[अर्थ प्रलंबित: to ought]"	"to ought"	"noun"	"A2"
"do obsługi"	"दो ोबसवुगि"	"दओ ओबसवउगइ"	"[अर्थ लंबित]"	"[अर्थ प्रलंबित: to handle]"	"to handle"	"noun"	"B1"
"do osadu"	"दो ोसअदु"	"दओ ओसअदउ"	"[अर्थ लंबित]"	"[अर्थ प्रलंबित: to slam]"	"to slam"	"noun"	"B2"
"do pcheł"	"दो पखेव"	"दओ पखएव"	"[अर्थ लंबित]"	"[अर्थ प्रलंबित: to flee]"	"to flee"	"noun"	"B2"
"do peer"	"दो पेेर"	"दओ पएएर"	"[अर्थ लंबित]"	"[अर्थ प्रलंबित: to peer]"	"to peer"	"noun"	"B2"
"do pieców"	"दो पिेत्सउव"	"दओ पइएत्सउव"	"[अर्थ लंबित]"	"[अर्थ प्रलंबित: to owe]"	"to owe"	"noun"	"B2"
"do potęgi"	"दो पोतएंगि"	"दओ पओतएंगइ"	"[अर्थ लंबित]"	"[अर्थ प्रलंबित: to might]"	"to might"	"noun"	"A1"
"do sądu"	"दो सओंदु"	"दओ सओंदउ"	"[अर्थ लंबित]"	"[अर्थ प्रलंबित: to arrest]"	"to arrest"	"noun"	"B2"
"do sprzęgnięcia"	"दो सपझएंगनिएंचिअ"	"दओ सपझएंगनिएंचिअ"	"[अर्थ लंबित]"	"[अर्थ प्रलंबित: to clutch]"	"to clutch"	"noun"	"C1"
"do trawy"	"दो तरअवि"	"दओ तरअवइ"	"[अर्थ लंबित]"	"[अर्थ प्रलंबित: to grasp]"	"to grasp"	"noun"	"B2"
"do woli"	"दो वोलि"	"दओ वओलइ"	"[अर्थ लंबित]"	"[अर्थ प्रलंबित: to will]"	"to will"	"noun"	"A1"
"do wymiany"	"दो विमिअनि"	"दओ वइमइअनइ"	"[अर्थ लंबित]"	"[अर्थ प्रलंबित: to exchange]"	"to exchange"	"noun"	"B1"
"do wyświetlenia"	"दो विशविेतलेनिअ"	"दओ वइशवइएतलएनिअ"	"[अर्थ लंबित]"	"[अर्थ प्रलंबित: to display]"	"to display"	"noun"	"B2"
"do zachowania"	"दो ज़अखोवअनिअ"	"दओ ज़अखओवअनिअ"	"[अर्थ लंबित]"	"[अर्थ प्रलंबित: to keep]"	"to keep"	"noun"	"A1"
"do zamontowania"	"दो ज़अमोनतोवअनिअ"	"दओ ज़अमओनतओवअनिअ"	"[अर्थ लंबित]"	"[अर्थ प्रलंबित: to mount]"	"to mount"	"noun"	"B2"
"do zrobienia"	"दो ज़रोबिेनिअ"	"दओ ज़रओबइएनिअ"	"[अर्थ लंबित]"	"[अर्थ प्रलंबित: to do]"	"to do"	"noun"	"A1"
"dobry"	"दोबरि"	"दओबरइ"	"अच्छा"	"चांगला"	"good"	"noun"	"A1"
"dobrze"	"दोबझे"	"दओबझए"	"[अर्थ लंबित]"	"[अर्थ प्रलंबित: right]"	"right"	"noun"	"A1"
"docenić"	"दोत्सेनिच"	"दओत्सएनिच"	"[अर्थ लंबित]"	"[अर्थ प्रलंबित: to appreciate]"	"to appreciate"	"verb"	"B2"
"dodać"	"दोदअच"	"दओदअच"	"[अर्थ लंबित]"	"[अर्थ प्रलंबित: to add]"	"to add"	"verb"	"A1"
"dodatkowy"	"दोदअतकोवि"	"दओदअतकओवइ"	"[अर्थ लंबित]"	"[अर्थ प्रलंबित: extra]"	"extra"	"noun"	"B2"
"dojrzeć"	"दोयझेच"	"दओयझएच"	"[अर्थ लंबित]"	"[अर्थ प्रलंबित: glimpse]"	"glimpse"	"verb"	"C1"
"dokładnie"	"दोकवअदनिे"	"दओकवअदनिए"	"[अर्थ लंबित]"	"[अर्थ प्रलंबित: exactly]"	"exactly"	"noun"	"A2"
"dołączyć"	"दोवओंचिच"	"दओवओंचइच"	"[अर्थ लंबित]"	"[अर्थ प्रलंबित: to join]"	"to join"	"verb"	"A2"
"dolar"	"दोलअर"	"दओलअर"	"[अर्थ लंबित]"	"[अर्थ प्रलंबित: dollar]"	"dollar"	"noun"	"A2"
"dolina"	"दोलिनअ"	"दओलइनअ"	"घाटी"	"दरी"	"valley"	"noun"	"A1"
"Dolny"	"दोलनि"	"दओलनइ"	"[अर्थ लंबित]"	"[अर्थ प्रलंबित: bottom]"	"bottom"	"noun"	"B1"
"dom"	"दोम"	"दओम"	"घर"	"घर"	"house"	"noun"	"A1"
"domagać się"	"दोमअगअच शिएं"	"दओमअगअच शिएं"	"[अर्थ लंबित]"	"[अर्थ प्रलंबित: to demand]"	"to demand"	"noun"	"A2"
"dopasować"	"दोपअसोवअच"	"दओपअसओवअच"	"[अर्थ लंबित]"	"[अर्थ प्रलंबित: match]"	"match"	"verb"	"B1"
"dość"	"दोशच"	"दओशच"	"[अर्थ लंबित]"	"[अर्थ प्रलंबित: enough]"	"enough"	"noun"	"A1"
"doskonale"	"दोसकोनअले"	"दओसकओनअलए"	"[अर्थ लंबित]"	"[अर्थ प्रलंबित: perfectly]"	"perfectly"	"noun"	"B1"
"doskonały"	"दोसकोनअवि"	"दओसकओनअवइ"	"[अर्थ लंबित]"	"[अर्थ प्रलंबित: excellent]"	"excellent"	"noun"	"B2"
"dostarczyć"	"दोसतअरचिच"	"दओसतअरचइच"	"[अर्थ लंबित]"	"[अर्थ प्रलंबित: to deliver]"	"to deliver"	"verb"	"B1"
"dostawa"	"दोसतअवअ"	"दओसतअवअ"	"[अर्थ लंबित]"	"[अर्थ प्रलंबित: supply]"	"supply"	"noun"	"B1"
"dostawać"	"दोसतअवअच"	"दओसतअवअच"	"पाना"	"मिळणे"	""	"verb"	"A1"
"doświadczenie"	"दोशविअदचेनिे"	"दओशवइअदचएनिए"	"[अर्थ लंबित]"	"[अर्थ प्रलंबित: experience]"	"experience"	"noun"	"A2"
"dotknąć"	"दोतकनओंच"	"दओतकनओंच"	"[अर्थ लंबित]"	"[अर्थ प्रलंबित: to touch]"	"to touch"	"noun"	"A1"
"dowód"	"दोवउद"	"दओवउद"	"[अर्थ लंबित]"	"[अर्थ प्रलंबित: proof]"	"proof"	"noun"	"B2"
"dowody"	"दोवोदि"	"दओवओदइ"	"[अर्थ लंबित]"	"[अर्थ प्रलंबित: evidence]"	"evidence"	"noun"	"B1"
"dowództwo"	"दोवउजतवो"	"दओवउजतवओ"	"[अर्थ लंबित]"	"[अर्थ प्रलंबित: command]"	"command"	"noun"	"A2"
"drapać"	"दरअपअच"	"दरअपअच"	"[अर्थ लंबित]"	"[अर्थ प्रलंबित: to scratch]"	"to scratch"	"verb"	"C1"
"drewniany"	"दरेवनिअनि"	"दरएवनिअनइ"	"[अर्थ लंबित]"	"[अर्थ प्रलंबित: wooden]"	"wooden"	"noun"	"B1"
"drewno"	"दरेवनो"	"दरएवनओ"	"[अर्थ लंबित]"	"[अर्थ प्रलंबित: wood]"	"wood"	"noun"	"A2"
"droga"	"दरोगअ"	"दरओगअ"	"सड़क"	"रस्ता"	"road"	"noun"	"A1"
"drogi"	"दरोगि"	"दरओगइ"	"[अर्थ लंबित]"	"[अर्थ प्रलंबित: dear]"	"dear"	"noun"	"A1"
"droższy"	"दरोझशि"	"दरओझशइ"	"[अर्थ लंबित]"	"[अर्थ प्रलंबित]"	""	"noun"	"A1"
"druga"	"दरुगअ"	"दरउगअ"	"[अर्थ लंबित]"	"[अर्थ प्रलंबित: second]"	"second"	"noun"	"A1"
"drut"	"दरुत"	"दरउत"	"[अर्थ लंबित]"	"[अर्थ प्रलंबित: wire]"	"wire"	"noun"	"C1"
"dryfować"	"दरिफोवअच"	"दरइफओवअच"	"[अर्थ लंबित]"	"[अर्थ प्रलंबित: to drift]"	"to drift"	"verb"	"B2"
"drżeć"	"दरझेच"	"दरझएच"	"[अर्थ लंबित]"	"[अर्थ प्रलंबित: to tremble]"	"to tremble"	"verb"	"B1"
"drzewo"	"दझेवो"	"दझएवओ"	"[अर्थ लंबित]"	"[अर्थ प्रलंबित: tree]"	"tree"	"noun"	"A1"
"drzwi"	"दझवि"	"दझवइ"	"[अर्थ लंबित]"	"[अर्थ प्रलंबित: door]"	"door"	"noun"	"A1"
"duch"	"दुख"	"दउख"	"[अर्थ लंबित]"	"[अर्थ प्रलंबित: spirit]"	"spirit"	"noun"	"A2"
"duma"	"दुमअ"	"दउमअ"	"[अर्थ लंबित]"	"[अर्थ प्रलंबित: pride]"	"pride"	"noun"	"B1"
"dumny"	"दुमनि"	"दउमनइ"	"[अर्थ लंबित]"	"[अर्थ प्रलंबित: proud]"	"proud"	"noun"	"B1"
"dusza"	"दुशअ"	"दउशअ"	"[अर्थ लंबित]"	"[अर्थ प्रलंबित: soul]"	"soul"	"noun"	"A2"
"dużo"	"दुझो"	"दउझओ"	"[अर्थ लंबित]"	"[अर्थ प्रलंबित: much]"	"much"	"noun"	"A1"
"duży"	"दुझि"	"दउझइ"	"बड़ा"	"मोठा"	"big"	"noun"	"A1"
"dwa"	"दवअ"	"दवअ"	"दो"	"दोन"	"two"	"noun"	"A1"
"dwa blask"	"दवअ बलअसक"	"दवअ बलअसक"	"[अर्थ लंबित]"	"[अर्थ प्रलंबित: to glare]"	"to glare"	"noun"	"B2"
"dwa dreszcze"	"दवअ दरेश्चे"	"दवअ दरएश्चए"	"[अर्थ लंबित]"	"[अर्थ प्रलंबित: to shiver]"	"to shiver"	"noun"	"B2"
"dwa kulawe"	"दवअ कुलअवे"	"दवअ कउलअवए"	"[अर्थ लंबित]"	"[अर्थ प्रलंबित: to halt]"	"to halt"	"noun"	"C1"
"dwa oblige"	"दवअ ोबलिगे"	"दवअ ओबलइगए"	"[अर्थ लंबित]"	"[अर्थ प्रलंबित: to oblige]"	"to oblige"	"noun"	"C1"
"dwa razy"	"दवअ रअज़ि"	"दवअ रअज़इ"	"[अर्थ लंबित]"	"[अर्थ प्रलंबित: twice]"	"twice"	"noun"	"B1"
"dwa renderowania"	"दवअ रेनदेरोवअनिअ"	"दवअ रएनदएरओवअनिअ"	"[अर्थ लंबित]"	"[अर्थ प्रलंबित: to render]"	"to render"	"noun"	"C1"
"dwa westchnienia"	"दवअ वेसतखनिेनिअ"	"दवअ वएसतखनिएनिअ"	"[अर्थ लंबित]"	"[अर्थ प्रलंबित: to suck]"	"to suck"	"noun"	"C1"
"dwadzieścia"	"दवअजिेशचिअ"	"दवअजिएशचिअ"	"[अर्थ लंबित]"	"[अर्थ प्रलंबित]"	""	"noun"	"A1"
"dwanaście"	"दवअनअशचिे"	"दवअनअशचिए"	"[अर्थ लंबित]"	"[अर्थ प्रलंबित: twelve]"	"twelve"	"noun"	"A1"
"dwie przekonania"	"दविे पझेकोनअनिअ"	"दवइए पझएकओनअनिअ"	"[अर्थ लंबित]"	"[अर्थ प्रलंबित: to persuade]"	"to persuade"	"noun"	"C1"
"dwie straty"	"दविे सतरअति"	"दवइए सतरअतइ"	"[अर्थ लंबित]"	"[अर्थ प्रलंबित: to tap]"	"to tap"	"noun"	"B2"
"dyskusja"	"दिसकुसयअ"	"दइसकउसयअ"	"[अर्थ लंबित]"	"[अर्थ प्रलंबित: discussion]"	"discussion"	"noun"	"B2"
"dyskutować"	"दिसकुतोवअच"	"दइसकउतओवअच"	"[अर्थ लंबित]"	"[अर्थ प्रलंबित: to discuss]"	"to discuss"	"verb"	"B1"
"dystans"	"दिसतअनस"	"दइसतअनस"	"[अर्थ लंबित]"	"[अर्थ प्रलंबित: distance]"	"distance"	"noun"	"A2"
"dywan"	"दिवअन"	"दइवअन"	"[अर्थ लंबित]"	"[अर्थ प्रलंबित]"	""	"noun"	"A1"
"dziadek"	"जिअदेक"	"जिअदएक"	"[अर्थ लंबित]"	"[अर्थ प्रलंबित: grandfather]"	"grandfather"	"noun"	"A1"
"dział"	"जिअव"	"जिअव"	"[अर्थ लंबित]"	"[अर्थ प्रलंबित: department]"	"department"	"noun"	"C1"
"działać"	"जिअवअच"	"जिअवअच"	"[अर्थ लंबित]"	"[अर्थ प्रलंबित: to act]"	"to act"	"verb"	"A2"
"działka"	"जिअवकअ"	"जिअवकअ"	"[अर्थ लंबित]"	"[अर्थ प्रलंबित: plot]"	"plot"	"noun"	"C1"
"dzieciństwo"	"जिेचिञसतवो"	"जिएचिञसतवओ"	"[अर्थ लंबित]"	"[अर्थ प्रलंबित: childhood]"	"childhood"	"noun"	"C1"
"dziecko"	"जिेत्सको"	"जिएत्सकओ"	"बच्चा"	"मुल"	"child"	"noun"	"A1"
"dziedziniec"	"जिेजिनिेत्स"	"जिएजिनिएत्स"	"[अर्थ लंबित]"	"[अर्थ प्रलंबित: yard]"	"yard"	"noun"	"A2"
"dzięki"	"जिएंकि"	"जिएंकइ"	"[अर्थ लंबित]"	"[अर्थ प्रलंबित: thanks]"	"thanks"	"noun"	"B2"
"dzielić się"	"जिेलिच शिएं"	"जिएलइच शिएं"	"[अर्थ लंबित]"	"[अर्थ प्रलंबित: to share]"	"to share"	"noun"	"A2"
"dzień"	"जिेञ"	"जिएञ"	"दिन"	"दिवस"	"day"	"noun"	"A1"
"dziesięć"	"जिेशिएंच"	"जिएशिएंच"	"दस"	"दहा"	"ten"	"noun"	"A1"
"dziewczyna"	"जिेवचिनअ"	"जिएवचइनअ"	"लड़की"	"मुलगी"	""	"noun"	"A1"
"dziewczynka"	"जिेवचिनकअ"	"जिएवचइनकअ"	"[अर्थ लंबित]"	"[अर्थ प्रलंबित: girl]"	"girl"	"noun"	"A1"
"dziewięć"	"जिेविएंच"	"जिएवइएंच"	"नौ"	"नऊ"	"nine"	"noun"	"A1"
"dziewięćdziesiąt"	"जिेविएंचजिेशिओंत"	"जिएवइएंचजिएशिओंत"	"[अर्थ लंबित]"	"[अर्थ प्रलंबित]"	""	"noun"	"A1"
"dziewiętnaście"	"जिेविएंतनअशचिे"	"जिएवइएंतनअशचिए"	"[अर्थ लंबित]"	"[अर्थ प्रलंबित]"	""	"noun"	"A1"
"dziki"	"जिकि"	"जिकइ"	"[अर्थ लंबित]"	"[अर्थ प्रलंबित: wild]"	"wild"	"noun"	"A2"
"dzisiaj"	"जिशिअय"	"जिशिअय"	"आज"	"आज"	"today"	"noun"	"A1"
"dzisiejszej nocy"	"जिशिेयशेय नोत्सि"	"जिशिएयशएय नओत्सइ"	"[अर्थ लंबित]"	"[अर्थ प्रलंबित: tonight]"	"tonight"	"noun"	"A2"
"dziura"	"जिुरअ"	"जिउरअ"	"[अर्थ लंबित]"	"[अर्थ प्रलंबित: hole]"	"hole"	"noun"	"B1"
"dziwne"	"जिवने"	"जिवनए"	"[अर्थ लंबित]"	"[अर्थ प्रलंबित: strange]"	"strange"	"noun"	"A2"
"dźwięk"	"जिविएंक"	"जिवइएंक"	"[अर्थ लंबित]"	"[अर्थ प्रलंबित: sound]"	"sound"	"noun"	"A1"
"dzwon"	"जवोन"	"जवओन"	"[अर्थ लंबित]"	"[अर्थ प्रलंबित: bell]"	"bell"	"noun"	"B1"
"echo"	"ेखो"	"एखओ"	"[अर्थ लंबित]"	"[अर्थ प्रलंबित: to echo]"	"to echo"	"noun"	"B2"
"edukacja"	"ेदुकअत्सयअ"	"एदउकअत्सयअ"	"[अर्थ लंबित]"	"[अर्थ प्रलंबित: education]"	"education"	"noun"	"B2"
"efekt"	"ेफेकत"	"एफएकत"	"[अर्थ लंबित]"	"[अर्थ प्रलंबित: effect]"	"effect"	"noun"	"A2"
"ekran"	"ेकरअन"	"एकरअन"	"[अर्थ लंबित]"	"[अर्थ प्रलंबित: screen]"	"screen"	"noun"	"B2"
"eksponować"	"ेकसपोनोवअच"	"एकसपओनओवअच"	"[अर्थ लंबित]"	"[अर्थ प्रलंबित: to expose]"	"to expose"	"verb"	"B2"
"emocje"	"ेमोत्सये"	"एमओत्सयए"	"[अर्थ लंबित]"	"[अर्थ प्रलंबित: emotion]"	"emotion"	"noun"	"B1"
"energia"	"ेनेरगिअ"	"एनएरगइअ"	"[अर्थ लंबित]"	"[अर्थ प्रलंबित: energy]"	"energy"	"noun"	"B1"
"enorme"	"ेनोरमे"	"एनओरमए"	"[अर्थ लंबित]"	"[अर्थ प्रलंबित: enormous]"	"enormous"	"noun"	"C1"
"Europa"	"ेुरोपअ"	"एउरओपअ"	"[अर्थ लंबित]"	"[अर्थ प्रलंबित: Europe]"	"Europe"	"noun"	"B2"
"evne"	"ेवने"	"एवनए"	"[अर्थ लंबित]"	"[अर्थ प्रलंबित: ability]"	"ability"	"noun"	"B2"
"ewentualnie"	"ेवेनतुअलनिे"	"एवएनतउअलनिए"	"[अर्थ लंबित]"	"[अर्थ प्रलंबित: possibly]"	"possibly"	"noun"	"B1"
"fabuła"	"फअबुवअ"	"फअबउवअ"	"[अर्थ लंबित]"	"[अर्थ प्रलंबित: story]"	"story"	"noun"	"A1"
"facet"	"फअत्सेत"	"फअत्सएत"	"[अर्थ लंबित]"	"[अर्थ प्रलंबित: fellow]"	"fellow"	"noun"	"A2"
"fajne"	"फअयने"	"फअयनए"	"[अर्थ लंबित]"	"[अर्थ प्रलंबित: cool]"	"cool"	"noun"	"A2"
"fakt"	"फअकत"	"फअकत"	"[अर्थ लंबित]"	"[अर्थ प्रलंबित: fact]"	"fact"	"noun"	"A1"
"fala"	"फअलअ"	"फअलअ"	"[अर्थ लंबित]"	"[अर्थ प्रलंबित: wave]"	"wave"	"noun"	"A2"
"FAŁSZ"	"फअवश"	"फअवश"	"[अर्थ लंबित]"	"[अर्थ प्रलंबित]"	""	"noun"	"B2"
"fantazyjne"	"फअनतअज़ियने"	"फअनतअज़इयनए"	"[अर्थ लंबित]"	"[अर्थ प्रलंबित: fancy]"	"fancy"	"noun"	"B1"
"faworyzować"	"फअवोरिज़ोवअच"	"फअवओरइज़ओवअच"	"[अर्थ लंबित]"	"[अर्थ प्रलंबित: favor]"	"favor"	"verb"	"B2"
"fikcja"	"फिकत्सयअ"	"फइकत्सयअ"	"[अर्थ लंबित]"	"[अर्थ प्रलंबित: fiction]"	"fiction"	"noun"	"B2"
"film"	"फिलम"	"फइलम"	"[अर्थ लंबित]"	"[अर्थ प्रलंबित: movie]"	"movie"	"noun"	"B2"
"finał"	"फिनअव"	"फइनअव"	"[अर्थ लंबित]"	"[अर्थ प्रलंबित: final]"	"final"	"noun"	"B1"
"fioletowy"	"फिोलेतोवि"	"फइओलएतओवइ"	"[अर्थ लंबित]"	"[अर्थ प्रलंबित]"	""	"noun"	"A1"
"firma"	"फिरमअ"	"फइरमअ"	"[अर्थ लंबित]"	"[अर्थ प्रलंबित: company]"	"company"	"noun"	"A2"
"fizyczny"	"फिज़िचनि"	"फइज़इचनइ"	"[अर्थ लंबित]"	"[अर्थ प्रलंबित: physical]"	"physical"	"noun"	"B1"
"forma"	"फोरमअ"	"फओरमअ"	"[अर्थ लंबित]"	"[अर्थ प्रलंबित: blanket]"	"blanket"	"noun"	"B2"
"Formularz"	"फोरमुलअझ"	"फओरमउलअझ"	"[अर्थ लंबित]"	"[अर्थ प्रलंबित: form]"	"form"	"noun"	"A2"
"fortunę"	"फोरतुनएं"	"फओरतउनएं"	"[अर्थ लंबित]"	"[अर्थ प्रलंबित: fortune]"	"fortune"	"noun"	"B1"
"fotografia"	"फोतोगरअफिअ"	"फओतओगरअफइअ"	"[अर्थ लंबित]"	"[अर्थ प्रलंबित: photograph]"	"photograph"	"noun"	"B2"
"Francja"	"फरअनत्सयअ"	"फरअनत्सयअ"	"[अर्थ लंबित]"	"[अर्थ प्रलंबित: France]"	"France"	"noun"	"B1"
"Francuski"	"फरअनत्सुसकि"	"फरअनत्सउसकइ"	"[अर्थ लंबित]"	"[अर्थ प्रलंबित: French]"	"French"	"noun"	"A2"
"funkcja"	"फुनकत्सयअ"	"फउनकत्सयअ"	"[अर्थ लंबित]"	"[अर्थ प्रलंबित: feature]"	"feature"	"noun"	"B1"
"funt"	"फुनत"	"फउनत"	"[अर्थ लंबित]"	"[अर्थ प्रलंबित: pound]"	"pound"	"noun"	"A2"
"gabinet"	"गअबिनेत"	"गअबइनएत"	"[अर्थ लंबित]"	"[अर्थ प्रलंबित: office]"	"office"	"noun"	"A1"
"gałąź"	"गअवओंज़"	"गअवओंज़"	"[अर्थ लंबित]"	"[अर्थ प्रलंबित]"	""	"noun"	"A1"
"ganek"	"गअनेक"	"गअनएक"	"[अर्थ लंबित]"	"[अर्थ प्रलंबित: porch]"	"porch"	"noun"	"B2"
"gapić się"	"गअपिच शिएं"	"गअपइच शिएं"	"[अर्थ लंबित]"	"[अर्थ प्रलंबित: to stare]"	"to stare"	"noun"	"A1"
"gardło"	"गअरदवो"	"गअरदवओ"	"[अर्थ लंबित]"	"[अर्थ प्रलंबित: throat]"	"throat"	"noun"	"A2"
"garnek"	"गअरनेक"	"गअरनएक"	"[अर्थ लंबित]"	"[अर्थ प्रलंबित: pot]"	"pot"	"noun"	"A2"
"garnitur"	"गअरनितुर"	"गअरनितउर"	"[अर्थ लंबित]"	"[अर्थ प्रलंबित: suit]"	"suit"	"noun"	"A2"
"gazeta"	"गअज़ेतअ"	"गअज़एतअ"	"[अर्थ लंबित]"	"[अर्थ प्रलंबित: newspaper]"	"newspaper"	"noun"	"B1"
"gdy"	"गदि"	"गदइ"	"[अर्थ लंबित]"	"[अर्थ प्रलंबित: when]"	"when"	"noun"	"A1"
"gdzie"	"गजिे"	"गजिए"	"[अर्थ लंबित]"	"[अर्थ प्रलंबित: where]"	"where"	"noun"	"A1"
"gdzieś"	"गजिेश"	"गजिएश"	"[अर्थ लंबित]"	"[अर्थ प्रलंबित: somewhere]"	"somewhere"	"noun"	"A2"
"gejem"	"गेयेम"	"गएयएम"	"[अर्थ लंबित]"	"[अर्थ प्रलंबित: gay]"	"gay"	"noun"	"B2"
"generacja"	"गेनेरअत्सयअ"	"गएनएरअत्सयअ"	"[अर्थ लंबित]"	"[अर्थ प्रलंबित: generation]"	"generation"	"noun"	"B2"
"generał"	"गेनेरअव"	"गएनएरअव"	"[अर्थ लंबित]"	"[अर्थ प्रलंबित: general]"	"general"	"noun"	"A2"
"gest"	"गेसत"	"गएसत"	"[अर्थ लंबित]"	"[अर्थ प्रलंबित: gesture]"	"gesture"	"noun"	"B1"
"gładkie"	"गवअदकिे"	"गवअदकइए"	"[अर्थ लंबित]"	"[अर्थ प्रलंबित: smooth]"	"smooth"	"noun"	"B1"
"głęboki"	"गवएंबोकि"	"गवएंबओकइ"	"[अर्थ लंबित]"	"[अर्थ प्रलंबित: deep]"	"deep"	"noun"	"A1"
"głęboko"	"गवएंबोको"	"गवएंबओकओ"	"[अर्थ लंबित]"	"[अर्थ प्रलंबित: deeply]"	"deeply"	"noun"	"B1"
"głębokość"	"गवएंबोकोशच"	"गवएंबओकओशच"	"[अर्थ लंबित]"	"[अर्थ प्रलंबित: depth]"	"depth"	"noun"	"B2"
"głodny"	"गवोदनि"	"गवओदनइ"	"[अर्थ लंबित]"	"[अर्थ प्रलंबित: hungry]"	"hungry"	"noun"	"B2"
"głos"	"गवोस"	"गवओस"	"[अर्थ लंबित]"	"[अर्थ प्रलंबित: voice]"	"voice"	"noun"	"A1"
"głośny"	"गवोशनि"	"गवओशनइ"	"[अर्थ लंबित]"	"[अर्थ प्रलंबित: loud]"	"loud"	"noun"	"A2"
"głowa"	"गवोवअ"	"गवओवअ"	"[अर्थ लंबित]"	"[अर्थ प्रलंबित: head]"	"head"	"noun"	"A2"
"głównie"	"गवउवनिे"	"गवउवनिए"	"[अर्थ लंबित]"	"[अर्थ प्रलंबित: mostly]"	"mostly"	"noun"	"C1"
"Główny"	"गवउवनि"	"गवउवनइ"	"[अर्थ लंबित]"	"[अर्थ प्रलंबित: main]"	"main"	"noun"	"B1"
"głupi"	"गवुपि"	"गवउपइ"	"[अर्थ लंबित]"	"[अर्थ प्रलंबित: stupid]"	"stupid"	"noun"	"B1"
"gniew"	"गनिेव"	"गनिएव"	"[अर्थ लंबित]"	"[अर्थ प्रलंबित: anger]"	"anger"	"noun"	"B1"
"godny"	"गोदनि"	"गओदनइ"	"[अर्थ लंबित]"	"[अर्थ प्रलंबित: worthy]"	"worthy"	"noun"	"C1"
"godzina"	"गोजिनअ"	"गओजिनअ"	"घंटा"	"तास"	"hour"	"noun"	"A2"
"gonić"	"गोनिच"	"गओनिच"	"[अर्थ लंबित]"	"[अर्थ प्रलंबित: to chase]"	"to chase"	"verb"	"C1"
"góra"	"गउरअ"	"गउरअ"	"पहाड़"	"पर्वत"	"mountain"	"noun"	"A2"
"gorąco"	"गोरओंत्सो"	"गओरओंत्सओ"	"[अर्थ लंबित]"	"[अर्थ प्रलंबित: hot]"	"hot"	"noun"	"A2"
"gorący"	"गोरओंत्सि"	"गओरओंत्सइ"	"गरम"	"गरम"	""	"noun"	"A2"
"gorszszy"	"गोरशशि"	"गओरशशइ"	"[अर्थ लंबित]"	"[अर्थ प्रलंबित]"	""	"noun"	"A2"
"gorzki"	"गोझकि"	"गओझकइ"	"कड़वा"	"करवट"	"bitter"	"noun"	"A2"
"Gość"	"गोशच"	"गओशच"	"[अर्थ लंबित]"	"[अर्थ प्रलंबित: guest]"	"guest"	"noun"	"B1"
"gospodarstwo rolne"	"गोसपोदअरसतवो रोलने"	"गओसपओदअरसतवओ रओलनए"	"[अर्थ लंबित]"	"[अर्थ प्रलंबित: farm]"	"farm"	"noun"	"B1"
"gotować"	"गोतोवअच"	"गओतओवअच"	"[अर्थ लंबित]"	"[अर्थ प्रलंबित: to cook]"	"to cook"	"verb"	"B1"
"gotowy"	"गोतोवि"	"गओतओवइ"	"[अर्थ लंबित]"	"[अर्थ प्रलंबित: ready]"	"ready"	"noun"	"A1"
"gówno"	"गउवनो"	"गउवनओ"	"[अर्थ लंबित]"	"[अर्थ प्रलंबित: shit]"	"shit"	"noun"	"B2"
"gra"	"गरअ"	"गरअ"	"[अर्थ लंबित]"	"[अर्थ प्रलंबित: game]"	"game"	"noun"	"A2"
"grać"	"गरअच"	"गरअच"	"खेलना"	"खेळणे"	"to play"	"verb"	"A2"
"granica"	"गरअनित्सअ"	"गरअनित्सअ"	"[अर्थ लंबित]"	"[अर्थ प्रलंबित: border]"	"border"	"noun"	"C1"
"grecki"	"गरेत्सकि"	"गरएत्सकइ"	"[अर्थ लंबित]"	"[अर्थ प्रलंबित: Greek]"	"Greek"	"noun"	"B2"
"grędy"	"गरएंदि"	"गरएंदइ"	"[अर्थ लंबित]"	"[अर्थ प्रलंबित]"	""	"noun"	"A2"
"grób"	"गरउब"	"गरउब"	"[अर्थ लंबित]"	"[अर्थ प्रलंबित: grave]"	"grave"	"noun"	"B1"
"groźba"	"गरोज़बअ"	"गरओज़बअ"	"[अर्थ लंबित]"	"[अर्थ प्रलंबित: threat]"	"threat"	"noun"	"C1"
"grozić"	"गरोज़िच"	"गरओज़िच"	"[अर्थ लंबित]"	"[अर्थ प्रलंबित: to threaten]"	"to threaten"	"verb"	"B1"
"grubszy"	"गरुबशि"	"गरउबशइ"	"[अर्थ लंबित]"	"[अर्थ प्रलंबित]"	""	"noun"	"A2"
"gruby"	"गरुबि"	"गरउबइ"	"[अर्थ लंबित]"	"[अर्थ प्रलंबित: thick]"	"thick"	"noun"	"A2"
"grudzień"	"गरुजिेञ"	"गरउजिएञ"	"दिसंबर"	"डिसेंबर"	""	"noun"	"A2"
"Grupa"	"गरुपअ"	"गरउपअ"	"[अर्थ लंबित]"	"[अर्थ प्रलंबित: group]"	"group"	"noun"	"A2"
"gryźć"	"गरिज़च"	"गरइज़च"	"[अर्थ लंबित]"	"[अर्थ प्रलंबित: to bite]"	"to bite"	"noun"	"B1"
"grzbiet"	"गझबिेत"	"गझबइएत"	"[अर्थ लंबित]"	"[अर्थ प्रलंबित]"	""	"noun"	"A2"
"grzmot"	"गझमोत"	"गझमओत"	"[अर्थ लंबित]"	"[अर्थ प्रलंबित]"	""	"noun"	"A2"
"guzik"	"गुज़िक"	"गउज़िक"	"[अर्थ लंबित]"	"[अर्थ प्रलंबित]"	""	"noun"	"A2"
"gwiazda"	"गविअज़दअ"	"गवइअज़दअ"	"[अर्थ लंबित]"	"[अर्थ प्रलंबित: star]"	"star"	"noun"	"A2"
"gwizdać"	"गविज़दअच"	"गवइज़दअच"	"[अर्थ लंबित]"	"[अर्थ प्रलंबित: to whistle]"	"to whistle"	"verb"	"C1"
"gwóźdź"	"गवउज़जि"	"गवउज़जि"	"[अर्थ लंबित]"	"[अर्थ प्रलंबित: nail]"	"nail"	"noun"	"C1"
"haczyk"	"हअचिक"	"हअचइक"	"[अर्थ लंबित]"	"[अर्थ प्रलंबित: hook]"	"hook"	"noun"	"C1"
"hałas"	"हअवअस"	"हअवअस"	"[अर्थ लंबित]"	"[अर्थ प्रलंबित: noise]"	"noise"	"noun"	"B1"
"handel"	"हअनदेल"	"हअनदएल"	"[अर्थ लंबित]"	"[अर्थ प्रलंबित: trade]"	"trade"	"noun"	"B2"
"herbata"	"हेरबअतअ"	"हएरबअतअ"	"चाय"	"चहा"	"tea"	"noun"	"A2"
"historia"	"हिसतोरिअ"	"हइसतओरइअ"	"[अर्थ लंबित]"	"[अर्थ प्रलंबित: history]"	"history"	"noun"	"A2"
"hiszpański"	"हिशपअञसकि"	"हइशपअञसकइ"	"[अर्थ लंबित]"	"[अर्थ प्रलंबित: Spanish]"	"Spanish"	"noun"	"C1"
"honor"	"होनोर"	"हओनओर"	"[अर्थ लंबित]"	"[अर्थ प्रलंबित: honour]"	"honour"	"noun"	"B2"
"i"	"ि"	"इ"	"[अर्थ लंबित]"	"[अर्थ प्रलंबित: and]"	"and"	"noun"	"A1"
"ich"	"िख"	"इख"	"[अर्थ लंबित]"	"[अर्थ प्रलंबित: their]"	"their"	"noun"	"A1"
"idealny"	"िदेअलनि"	"इदएअलनइ"	"[अर्थ लंबित]"	"[अर्थ प्रलंबित: perfect]"	"perfect"	"noun"	"A2"
"ignorować"	"िगनोरोवअच"	"इगनओरओवअच"	"[अर्थ लंबित]"	"[अर्थ प्रलंबित: to ignore]"	"to ignore"	"verb"	"B1"
"im"	"िम"	"इम"	"[अर्थ लंबित]"	"[अर्थ प्रलंबित: them]"	"them"	"noun"	"A1"
"imię"	"िमिएं"	"इमइएं"	"[अर्थ लंबित]"	"[अर्थ प्रलंबित: name]"	"name"	"noun"	"A1"
"inaczej"	"िनअचेय"	"इनअचएय"	"[अर्थ लंबित]"	"[अर्थ प्रलंबित: otherwise]"	"otherwise"	"noun"	"B2"
"indyjski"	"िनदियसकि"	"इनदइयसकइ"	"[अर्थ लंबित]"	"[अर्थ प्रलंबित: Indian]"	"Indian"	"noun"	"A2"
"indywidualny"	"िनदिविदुअलनि"	"इनदइवइदउअलनइ"	"[अर्थ लंबित]"	"[अर्थ प्रलंबित: individual]"	"individual"	"noun"	"B1"
"inne"	"िनने"	"इननए"	"[अर्थ लंबित]"	"[अर्थ प्रलंबित: another]"	"another"	"noun"	"A1"
"inni"	"िननि"	"इननि"	"[अर्थ लंबित]"	"[अर्थ प्रलंबित: others]"	"others"	"noun"	"A1"
"inny"	"िननि"	"इननइ"	"[अर्थ लंबित]"	"[अर्थ प्रलंबित: other]"	"other"	"noun"	"A1"
"inteligencja"	"िनतेलिगेनत्सयअ"	"इनतएलइगएनत्सयअ"	"[अर्थ लंबित]"	"[अर्थ प्रलंबित: intelligence]"	"intelligence"	"noun"	"C1"
"intersted"	"िनतेरसतेद"	"इनतएरसतएद"	"[अर्थ लंबित]"	"[अर्थ प्रलंबित: interested]"	"interested"	"noun"	"B2"
"inżynier"	"िनझिनिेर"	"इनझइनिएर"	"[अर्थ लंबित]"	"[अर्थ प्रलंबित]"	""	"noun"	"A2"
"iść"	"िशच"	"इश्च"	"जाना"	"जाणे"	"to go"	"noun"	"A2"
"istnieć"	"िसतनिेच"	"इसतनिएच"	"[अर्थ लंबित]"	"[अर्थ प्रलंबित: to exist]"	"to exist"	"verb"	"B1"
"istnienie"	"िसतनिेनिे"	"इसतनिएनिए"	"[अर्थ लंबित]"	"[अर्थ प्रलंबित: existence]"	"existence"	"noun"	"B2"
"ja"	"यअ"	"यअ"	"[अर्थ लंबित]"	"[अर्थ प्रलंबित: I]"	"I"	"noun"	"A1"
"jadalnia"	"यअदअलनिअ"	"यअदअलनिअ"	"[अर्थ लंबित]"	"[अर्थ प्रलंबित: dining]"	"dining"	"noun"	"C1"
"jajko"	"यअयको"	"यअयकओ"	"[अर्थ लंबित]"	"[अर्थ प्रलंबित: egg]"	"egg"	"noun"	"A2"
"jakoś"	"यअकोश"	"यअकओश"	"[अर्थ लंबित]"	"[अर्थ प्रलंबित: somehow]"	"somehow"	"noun"	"B1"
"jakość"	"यअकोशच"	"यअकओशच"	"[अर्थ लंबित]"	"[अर्थ प्रलंबित: quality]"	"quality"	"noun"	"B1"
"jaskinia"	"यअसकिनिअ"	"यअसकइनिअ"	"[अर्थ लंबित]"	"[अर्थ प्रलंबित: cave]"	"cave"	"noun"	"C1"
"jasny"	"यअसनि"	"यअसनइ"	"[अर्थ लंबित]"	"[अर्थ प्रलंबित: clear]"	"clear"	"noun"	"A1"
"jęczeć"	"यएंचेच"	"यएंचएच"	"[अर्थ लंबित]"	"[अर्थ प्रलंबित: to groan]"	"to groan"	"verb"	"B2"
"jeden"	"येदेन"	"यएदएन"	"एक"	"एक"	"one"	"noun"	"A2"
"jedenaście"	"येदेनअशचिे"	"यएदएनअशचिए"	"[अर्थ लंबित]"	"[अर्थ प्रलंबित]"	""	"noun"	"A2"
"jednak"	"येदनअक"	"यएदनअक"	"[अर्थ लंबित]"	"[अर्थ प्रलंबित: however]"	"however"	"noun"	"A1"
"jedwab"	"येदवअब"	"यएदवअब"	"[अर्थ लंबित]"	"[अर्थ प्रलंबित: silk]"	"silk"	"noun"	"B2"
"jedynie"	"येदिनिे"	"यएदइनिए"	"[अर्थ लंबित]"	"[अर्थ प्रलंबित: merely]"	"merely"	"noun"	"B1"
"jedzenie"	"येजेनिे"	"यएजएनिए"	"[अर्थ लंबित]"	"[अर्थ प्रलंबित: food]"	"food"	"noun"	"A2"
"jego"	"येगो"	"यएगओ"	"[अर्थ लंबित]"	"[अर्थ प्रलंबित: his]"	"his"	"noun"	"A1"
"jej"	"येय"	"यएय"	"[अर्थ लंबित]"	"[अर्थ प्रलंबित: her]"	"her"	"noun"	"A1"
"jeść"	"येशच"	"यएशच"	"[अर्थ लंबित]"	"[अर्थ प्रलंबित: to eat]"	"to eat"	"noun"	"A1"
"jesień"	"येशिेञ"	"यएशिएञ"	"शरद"	"शरद"	""	"noun"	"A2"
"Jeśli"	"येशलि"	"यएशलइ"	"[अर्थ लंबित]"	"[अर्थ प्रलंबित: if]"	"if"	"noun"	"A1"
"jeszcze"	"येश्चे"	"यएश्चए"	"[अर्थ लंबित]"	"[अर्थ प्रलंबित: yet]"	"yet"	"noun"	"A1"
"jeszcze raz"	"येश्चे रअज़"	"यएश्चए रअज़"	"[अर्थ लंबित]"	"[अर्थ प्रलंबित: again]"	"again"	"noun"	"A1"
"jeździć"	"येज़जिच"	"यएज़जिच"	"[अर्थ लंबित]"	"[अर्थ प्रलंबित: to ride]"	"to ride"	"verb"	"A1"
"jezioro"	"येज़िोरो"	"यएज़िओरओ"	"झील"	"सरोवर"	"lake"	"noun"	"A2"
"język"	"यएंज़िक"	"यएंज़इक"	"[अर्थ लंबित]"	"[अर्थ प्रलंबित: language]"	"language"	"noun"	"A2"
"język angielski"	"यएंज़िक अनगिेलसकि"	"यएंज़इक अनगइएलसकइ"	"[अर्थ लंबित]"	"[अर्थ प्रलंबित: English]"	"English"	"noun"	"A2"
"jść"	"यशच"	"यशच"	"जाना"	"जाणे"	""	"noun"	"A2"
"jutro"	"युतरो"	"यउतरओ"	"कल"	"उद्या"	"tomorrow"	"noun"	"A2"
"już"	"युझ"	"यउझ"	"[अर्थ लंबित]"	"[अर्थ प्रलंबित: already]"	"already"	"noun"	"A1"
"kabina"	"कअबिनअ"	"कअबइनअ"	"[अर्थ लंबित]"	"[अर्थ प्रलंबित: cabin]"	"cabin"	"noun"	"B1"
"kamera"	"कअमेरअ"	"कअमएरअ"	"[अर्थ लंबित]"	"[अर्थ प्रलंबित: camera]"	"camera"	"noun"	"C1"
"kamień"	"कअमिेञ"	"कअमइएञ"	"[अर्थ लंबित]"	"[अर्थ प्रलंबित: stone]"	"stone"	"noun"	"A2"
"kanapa"	"कअनअपअ"	"कअनअपअ"	"[अर्थ लंबित]"	"[अर्थ प्रलंबित: couch]"	"couch"	"noun"	"C1"
"kapelusz"	"कअपेलुश"	"कअपएलउश"	"[अर्थ लंबित]"	"[अर्थ प्रलंबित: hat]"	"hat"	"noun"	"A2"
"kapitan"	"कअपितअन"	"कअपइतअन"	"[अर्थ लंबित]"	"[अर्थ प्रलंबित: captain]"	"captain"	"noun"	"B1"
"kapłan"	"कअपवअन"	"कअपवअन"	"[अर्थ लंबित]"	"[अर्थ प्रलंबित: priest]"	"priest"	"noun"	"B1"
"karabin"	"कअरअबिन"	"कअरअबइन"	"[अर्थ लंबित]"	"[अर्थ प्रलंबित: rifle]"	"rifle"	"noun"	"B2"
"kariera"	"कअरिेरअ"	"कअरइएरअ"	"[अर्थ लंबित]"	"[अर्थ प्रलंबित: career]"	"career"	"noun"	"B2"
"karmić"	"कअरमिच"	"कअरमइच"	"[अर्थ लंबित]"	"[अर्थ प्रलंबित: to feed]"	"to feed"	"verb"	"B1"
"karta"	"कअरतअ"	"कअरतअ"	"[अर्थ लंबित]"	"[अर्थ प्रलंबित: card]"	"card"	"noun"	"B1"
"kąt"	"कओंत"	"कओंत"	"[अर्थ लंबित]"	"[अर्थ प्रलंबित: corner]"	"corner"	"noun"	"A2"
"kawa"	"कअवअ"	"कअवअ"	"कॉफी"	"कॉफी"	"coffee"	"noun"	"A2"
"kawałek"	"कअवअवेक"	"कअवअवएक"	"[अर्थ लंबित]"	"[अर्थ प्रलंबित: bit]"	"bit"	"noun"	"A1"
"kawiarnia"	"कअविअरनिअ"	"कअवइअरनिअ"	"कॉफी हाउस"	"कॉफी हाउस"	""	"noun"	"A2"
"każdy"	"कअझदि"	"कअझदइ"	"[अर्थ लंबित]"	"[अर्थ प्रलंबित: any]"	"any"	"noun"	"A1"
"kierować"	"किेरोवअच"	"कइएरओवअच"	"[अर्थ लंबित]"	"[अर्थ प्रलंबित: to direct]"	"to direct"	"verb"	"B1"
"kierowca"	"किेरोवत्सअ"	"कइएरओवत्सअ"	"[अर्थ लंबित]"	"[अर्थ प्रलंबित: driver]"	"driver"	"noun"	"B1"
"kierownik"	"किेरोवनिक"	"कइएरओवनिक"	"[अर्थ लंबित]"	"[अर्थ प्रलंबित]"	""	"noun"	"A2"
"kierunek"	"किेरुनेक"	"कइएरउनएक"	"[अर्थ लंबित]"	"[अर्थ प्रलंबित: course]"	"course"	"noun"	"A1"
"kieszeń"	"किेशेञ"	"कइएशएञ"	"[अर्थ लंबित]"	"[अर्थ प्रलंबित: pocket]"	"pocket"	"noun"	"A2"
"kilka"	"किलकअ"	"कइलकअ"	"[अर्थ लंबित]"	"[अर्थ प्रलंबित: several]"	"several"	"noun"	"A1"
"kiwać"	"किवअच"	"कइवअच"	"[अर्थ लंबित]"	"[अर्थ प्रलंबित: to nod]"	"to nod"	"verb"	"A1"
"kłamać"	"कवअमअच"	"कवअमअच"	"[अर्थ लंबित]"	"[अर्थ प्रलंबित: to lie]"	"to lie"	"verb"	"A1"
"klasa"	"कलअसअ"	"कलअसअ"	"[अर्थ लंबित]"	"[अर्थ प्रलंबित: class]"	"class"	"noun"	"A2"
"klatka piersiowa"	"कलअतकअ पिेरशिोवअ"	"कलअतकअ पइएरशिओवअ"	"[अर्थ लंबित]"	"[अर्थ प्रलंबित]"	""	"noun"	"A2"
"klawisz"	"कलअविश"	"कलअवइश"	"[अर्थ लंबित]"	"[अर्थ प्रलंबित: key]"	"key"	"noun"	"A2"
"klient"	"कलिेनत"	"कलइएनत"	"[अर्थ लंबित]"	"[अर्थ प्रलंबित: client]"	"client"	"noun"	"C1"
"kłopot"	"कवोपोत"	"कवओपओत"	"[अर्थ लंबित]"	"[अर्थ प्रलंबित: trouble]"	"trouble"	"noun"	"A1"
"klub"	"कलुब"	"कलउब"	"[अर्थ लंबित]"	"[अर्थ प्रलंबित: club]"	"club"	"noun"	"B2"
"kobieta"	"कोबिेतअ"	"कओबइएतअ"	"स्त्री"	"स्त्री"	"woman"	"noun"	"A2"
"kochać"	"कोखअच"	"कओखअच"	"प्यार करना"	"प्रेम करणे"	"to love"	"verb"	"A2"
"kochanek"	"कोखअनेक"	"कओखअनएक"	"[अर्थ लंबित]"	"[अर्थ प्रलंबित: lover]"	"lover"	"noun"	"B1"
"kochanie"	"कोखअनिे"	"कओखअनिए"	"[अर्थ लंबित]"	"[अर्थ प्रलंबित: darling]"	"darling"	"noun"	"C1"
"kochanka"	"कोखअनकअ"	"कओखअनकअ"	"[अर्थ लंबित]"	"[अर्थ प्रलंबित: mistress]"	"mistress"	"noun"	"C1"
"kogo"	"कोगो"	"कओगओ"	"[अर्थ लंबित]"	"[अर्थ प्रलंबित: whom]"	"whom"	"noun"	"A1"
"kogokolwiek"	"कोगोकोलविेक"	"कओगओकओलवइएक"	"[अर्थ लंबित]"	"[अर्थ प्रलंबित: anybody]"	"anybody"	"noun"	"B1"
"kojarzyć"	"कोयअझिच"	"कओयअझइच"	"[अर्थ लंबित]"	"[अर्थ प्रलंबित: to associate]"	"to associate"	"verb"	"C1"
"kolano"	"कोलअनो"	"कओलअनओ"	"[अर्थ लंबित]"	"[अर्थ प्रलंबित: knee]"	"knee"	"noun"	"A2"
"Kolejny"	"कोलेयनि"	"कओलएयनइ"	"[अर्थ लंबित]"	"[अर्थ प्रलंबित: next]"	"next"	"noun"	"A1"
"kołnierz"	"कोवनिेझ"	"कओवनिएझ"	"[अर्थ लंबित]"	"[अर्थ प्रलंबित]"	""	"noun"	"A2"
"koło"	"कोवो"	"कओवओ"	"[अर्थ लंबित]"	"[अर्थ प्रलंबित: wheel]"	"wheel"	"noun"	"B1"
"kolor"	"कोलोर"	"कओलओर"	"[अर्थ लंबित]"	"[अर्थ प्रलंबित: color]"	"color"	"noun"	"B1"
"komfort"	"कोमफोरत"	"कओमफओरत"	"[अर्थ लंबित]"	"[अर्थ प्रलंबित: comfort]"	"comfort"	"noun"	"B1"
"komora"	"कोमोरअ"	"कओमओरअ"	"[अर्थ लंबित]"	"[अर्थ प्रलंबित: chamber]"	"chamber"	"noun"	"B2"
"komórka"	"कोमउरकअ"	"कओमउरकअ"	"[अर्थ लंबित]"	"[अर्थ प्रलंबित: cell]"	"cell"	"noun"	"B2"
"kompletny"	"कोमपलेतनि"	"कओमपलएतनइ"	"[अर्थ लंबित]"	"[अर्थ प्रलंबित: complete]"	"complete"	"noun"	"A2"
"komputer"	"कोमपुतेर"	"कओमपउतएर"	"[अर्थ लंबित]"	"[अर्थ प्रलंबित: computer]"	"computer"	"noun"	"B2"
"koń"	"कोञ"	"कओञ"	"घोड़ा"	"घोडा"	"horse"	"noun"	"A2"
"koniec"	"कोनिेत्स"	"कओनिएत्स"	"[अर्थ लंबित]"	"[अर्थ प्रलंबित: over]"	"over"	"noun"	"A1"
"konkluderer"	"कोनकलुदेरेर"	"कओनकलउदएरएर"	"[अर्थ लंबित]"	"[अर्थ प्रलंबित: conclusion]"	"conclusion"	"noun"	"C1"
"konsekvens"	"कोनसेकवेनस"	"कओनसएकवएनस"	"[अर्थ लंबित]"	"[अर्थ प्रलंबित: consequence]"	"consequence"	"noun"	"B2"
"kontakt"	"कोनतअकत"	"कओनतअकत"	"[अर्थ लंबित]"	"[अर्थ प्रलंबित: contact]"	"contact"	"noun"	"B1"
"konto"	"कोनतो"	"कओनतओ"	"[अर्थ लंबित]"	"[अर्थ प्रलंबित: account]"	"account"	"noun"	"A2"
"kontrola"	"कोनतरोलअ"	"कओनतरओलअ"	"[अर्थ लंबित]"	"[अर्थ प्रलंबित: control]"	"control"	"noun"	"A2"
"kontynuować"	"कोनतिनुोवअच"	"कओनतइनउओवअच"	"[अर्थ लंबित]"	"[अर्थ प्रलंबित: to continue]"	"to continue"	"verb"	"A1"
"kopać"	"कोपअच"	"कओपअच"	"[अर्थ लंबित]"	"[अर्थ प्रलंबित: to kick]"	"to kick"	"verb"	"B1"
"korona"	"कोरोनअ"	"कओरओनअ"	"[अर्थ लंबित]"	"[अर्थ प्रलंबित: crown]"	"crown"	"noun"	"C1"
"korytarz"	"कोरितअझ"	"कओरइतअझ"	"[अर्थ लंबित]"	"[अर्थ प्रलंबित: corridor]"	"corridor"	"noun"	"C1"
"korzeń"	"कोझेञ"	"कओझएञ"	"[अर्थ लंबित]"	"[अर्थ प्रलंबित: root]"	"root"	"noun"	"B2"
"korzyść"	"कोझिशच"	"कओझइशच"	"[अर्थ लंबित]"	"[अर्थ प्रलंबित: benefit]"	"benefit"	"noun"	"C1"
"kość"	"कोशच"	"कओशच"	"[अर्थ लंबित]"	"[अर्थ प्रलंबित: bone]"	"bone"	"noun"	"A2"
"kościół"	"कोशचिउव"	"कओशचिउव"	"[अर्थ लंबित]"	"[अर्थ प्रलंबित: church]"	"church"	"noun"	"A2"
"koszt"	"कोशत"	"कओशत"	"[अर्थ लंबित]"	"[अर्थ प्रलंबित: cost]"	"cost"	"noun"	"B1"
"koszula"	"कोशुलअ"	"कओशउलअ"	"[अर्थ लंबित]"	"[अर्थ प्रलंबित: shirt]"	"shirt"	"noun"	"A2"
"koszykówka"	"कोशिकउवकअ"	"कओशइकउवकअ"	"[अर्थ लंबित]"	"[अर्थ प्रलंबित: basket]"	"basket"	"noun"	"C1"
"kot"	"कोत"	"कओत"	"बिल्ली"	"मांजर"	"cat"	"noun"	"A2"
"kraj"	"करअय"	"करअय"	"[अर्थ लंबित]"	"[अर्थ प्रलंबित: country]"	"country"	"noun"	"A1"
"kraść"	"करअशच"	"करअशच"	"[अर्थ लंबित]"	"[अर्थ प्रलंबित: to steal]"	"to steal"	"noun"	"B1"
"krawędź"	"करअवएंजि"	"करअवएंजि"	"[अर्थ लंबित]"	"[अर्थ प्रलंबित: edge]"	"edge"	"noun"	"A2"
"kreatura"	"करेअतुरअ"	"करएअतउरअ"	"[अर्थ लंबित]"	"[अर्थ प्रलंबित: creature]"	"creature"	"noun"	"A2"
"kredyt"	"करेदित"	"करएदइत"	"[अर्थ लंबित]"	"[अर्थ प्रलंबित: credit]"	"credit"	"noun"	"C1"
"krew"	"करेव"	"करएव"	"[अर्थ लंबित]"	"[अर्थ प्रलंबित: blood]"	"blood"	"noun"	"A1"
"krewny"	"करेवनि"	"करएवनइ"	"[अर्थ लंबित]"	"[अर्थ प्रलंबित: relative]"	"relative"	"noun"	"C1"
"krok"	"करोक"	"करओक"	"[अर्थ लंबित]"	"[अर्थ प्रलंबित: step]"	"step"	"noun"	"A1"
"król"	"करउल"	"करउल"	"[अर्थ लंबित]"	"[अर्थ प्रलंबित: king]"	"king"	"noun"	"A2"
"królowa"	"करउलोवअ"	"करउलओवअ"	"[अर्थ लंबित]"	"[अर्थ प्रलंबित: queen]"	"queen"	"noun"	"B2"
"krótki"	"करउतकि"	"करउतकइ"	"छोटा"	"लहान"	"short"	"noun"	"A2"
"krowa"	"करोवअ"	"करओवअ"	"गाय"	"गाय"	"cow"	"noun"	"A2"
"krwawy"	"करवअवि"	"करवअवइ"	"[अर्थ लंबित]"	"[अर्थ प्रलंबित: bloody]"	"bloody"	"noun"	"B2"
"krzesło"	"कझेसवो"	"कझएसवओ"	"[अर्थ लंबित]"	"[अर्थ प्रलंबित: chair]"	"chair"	"noun"	"A2"
"krzew"	"कझेव"	"कझएव"	"[अर्थ लंबित]"	"[अर्थ प्रलंबित: bush]"	"bush"	"noun"	"B2"
"krzyczeć"	"कझिचेच"	"कझइचएच"	"[अर्थ लंबित]"	"[अर्थ प्रलंबित: to shout]"	"to shout"	"verb"	"A2"
"krzywa"	"कझिवअ"	"कझइवअ"	"[अर्थ लंबित]"	"[अर्थ प्रलंबित: curve]"	"curve"	"noun"	"C1"
"krzyżować się"	"कझिझोवअच शिएं"	"कझइझओवअच शिएं"	"[अर्थ लंबित]"	"[अर्थ प्रलंबित: to cross]"	"to cross"	"noun"	"A2"
"książę"	"कशिओंझएं"	"कशिओंझएं"	"[अर्थ लंबित]"	"[अर्थ प्रलंबित: prince]"	"prince"	"noun"	"B2"
"książka"	"कशिओंझकअ"	"कशिओंझकअ"	"[अर्थ लंबित]"	"[अर्थ प्रलंबित: book]"	"book"	"noun"	"A1"
"księżyc"	"कशिएंझित्स"	"कशिएंझइत्स"	"[अर्थ लंबित]"	"[अर्थ प्रलंबित: moon]"	"moon"	"noun"	"A2"
"kształt"	"कशतअवत"	"कशतअवत"	"[अर्थ लंबित]"	"[अर्थ प्रलंबित: shape]"	"shape"	"noun"	"A2"
"kto"	"कतो"	"कतओ"	"[अर्थ लंबित]"	"[अर्थ प्रलंबित: who]"	"who"	"noun"	"A1"
"którego"	"कतउरेगो"	"कतउरएगओ"	"[अर्थ लंबित]"	"[अर्थ प्रलंबित: whose]"	"whose"	"noun"	"A1"
"który"	"कतउरि"	"कतउरइ"	"[अर्थ लंबित]"	"[अर्थ प्रलंबित: which]"	"which"	"noun"	"A1"
"ktoś"	"कतोश"	"कतओश"	"[अर्थ लंबित]"	"[अर्थ प्रलंबित: someone]"	"someone"	"noun"	"A1"
"kubek"	"कुबेक"	"कउबएक"	"[अर्थ लंबित]"	"[अर्थ प्रलंबित]"	""	"noun"	"A2"
"kuchnia"	"कुखनिअ"	"कउखनिअ"	"रसोई"	"स्वयंपाकघर"	"kitchen"	"noun"	"A2"
"kultura"	"कुलतुरअ"	"कउलतउरअ"	"[अर्थ लंबित]"	"[अर्थ प्रलंबित: culture]"	"culture"	"noun"	"B2"
"kupić"	"कुपिच"	"कउपइच"	"खरीदना"	"घेणे"	"to buy"	"verb"	"A2"
"kurtka"	"कुरतकअ"	"कउरतकअ"	"[अर्थ लंबित]"	"[अर्थ प्रलंबित: jacket]"	"jacket"	"noun"	"B1"
"kurtyna"	"कुरतिनअ"	"कउरतइनअ"	"[अर्थ लंबित]"	"[अर्थ प्रलंबित: curtain]"	"curtain"	"noun"	"B2"
"kurz"	"कुझ"	"कउझ"	"[अर्थ लंबित]"	"[अर्थ प्रलंबित: dust]"	"dust"	"noun"	"B1"
"kuzyn"	"कुज़िन"	"कउज़इन"	"[अर्थ लंबित]"	"[अर्थ प्रलंबित: cousin]"	"cousin"	"noun"	"B1"
"kwadrat"	"कवअदरअत"	"कवअदरअत"	"[अर्थ लंबित]"	"[अर्थ प्रलंबित: square]"	"square"	"noun"	"B1"
"kwartał"	"कवअरतअव"	"कवअरतअव"	"[अर्थ लंबित]"	"[अर्थ प्रलंबित: quarter]"	"quarter"	"noun"	"B1"
"kwaśny"	"कवअशनि"	"कवअशनइ"	"खट्टा"	"आंबट"	""	"noun"	"A2"
"kwiat"	"कविअत"	"कवइअत"	"[अर्थ लंबित]"	"[अर्थ प्रलंबित: flower]"	"flower"	"noun"	"A2"
"kwiece"	"कविेत्से"	"कवइएत्सए"	"[अर्थ लंबित]"	"[अर्थ प्रलंबित]"	""	"noun"	"A2"
"kwiecień"	"कविेचिेञ"	"कवइएचिएञ"	"अप्रैल"	"एप्रिल"	"April"	"noun"	"A2"
"kwota"	"कवोतअ"	"कवओतअ"	"[अर्थ लंबित]"	"[अर्थ प्रलंबित: amount]"	"amount"	"noun"	"B1"
"ładny"	"वअदनि"	"वअदनइ"	"सुंदर"	"सुंदर"	"pretty"	"noun"	"A2"
"ładować"	"वअदोवअच"	"वअदओवअच"	"[अर्थ लंबित]"	"[अर्थ प्रलंबित: to load]"	"to load"	"verb"	"B2"
"łagodny"	"वअगोदनि"	"वअगओदनइ"	"[अर्थ लंबित]"	"[अर्थ प्रलंबित: gentle]"	"gentle"	"noun"	"A2"
"lampa"	"लअमपअ"	"लअमपअ"	"[अर्थ लंबित]"	"[अर्थ प्रलंबित: lamp]"	"lamp"	"noun"	"A2"
"łańcuch"	"वअञत्सुख"	"वअञत्सउख"	"[अर्थ लंबित]"	"[अर्थ प्रलंबित: chain]"	"chain"	"noun"	"B2"
"las"	"लअस"	"लअस"	"जंगल"	"जंगल"	"forest"	"noun"	"A2"
"łaska"	"वअसकअ"	"वअसकअ"	"[अर्थ लंबित]"	"[अर्थ प्रलंबित: grace]"	"grace"	"noun"	"B2"
"latać"	"लअतअच"	"लअतअच"	"[अर्थ लंबित]"	"[अर्थ प्रलंबित: to fly]"	"to fly"	"verb"	"A2"
"lato"	"लअतो"	"लअतओ"	"गर्मी"	"उन्हाळा"	"summer"	"noun"	"A2"
"łatwy"	"वअतवि"	"वअतवइ"	"[अर्थ लंबित]"	"[अर्थ प्रलंबित: easy]"	"easy"	"noun"	"A2"
"ława"	"वअवअ"	"वअवअ"	"[अर्थ लंबित]"	"[अर्थ प्रलंबित: bench]"	"bench"	"noun"	"B2"
"łazienka"	"वअज़िेनकअ"	"वअज़िएनकअ"	"बाथरूम"	"संबार"	"bathroom"	"noun"	"A2"
"leczyć"	"लेचिच"	"लएचइच"	"[अर्थ लंबित]"	"[अर्थ प्रलंबित: to treat]"	"to treat"	"verb"	"B1"
"ledwie"	"लेदविे"	"लएदवइए"	"[अर्थ लंबित]"	"[अर्थ प्रलंबित: hardly]"	"hardly"	"noun"	"A2"
"ledwo"	"लेदवो"	"लएदवओ"	"[अर्थ लंबित]"	"[अर्थ प्रलंबित: barely]"	"barely"	"noun"	"B1"
"lek"	"लेक"	"लएक"	"[अर्थ लंबित]"	"[अर्थ प्रलंबित: drug]"	"drug"	"noun"	"B2"
"lekarz"	"लेकअझ"	"लएकअझ"	"डॉक्टर"	"डॉक्टर"	"doctor"	"noun"	"A2"
"lekcja"	"लेकत्सयअ"	"लएकत्सयअ"	"[अर्थ लंबित]"	"[अर्थ प्रलंबित: lesson]"	"lesson"	"noun"	"B2"
"lekki"	"लेककि"	"लएककइ"	"[अर्थ लंबित]"	"[अर्थ प्रलंबित: slight]"	"slight"	"noun"	"B1"
"lekko"	"लेकको"	"लएककओ"	"[अर्थ लंबित]"	"[अर्थ प्रलंबित: lightly]"	"lightly"	"noun"	"C1"
"lepszy"	"लेपशि"	"लएपशइ"	"बेहतर"	"चांगले"	""	"noun"	"A2"
"lewo"	"लेवो"	"लएवओ"	"[अर्थ लंबित]"	"[अर्थ प्रलंबित: left]"	"left"	"noun"	"A2"
"leżeć"	"लेझेच"	"लएझएच"	"[अर्थ लंबित]"	"[अर्थ प्रलंबित: to lay]"	"to lay"	"verb"	"A2"
"licznik"	"लिचनिक"	"लइचनिक"	"[अर्थ लंबित]"	"[अर्थ प्रलंबित: counter]"	"counter"	"noun"	"B2"
"liczyć"	"लिचिच"	"लइचइच"	"[अर्थ लंबित]"	"[अर्थ प्रलंबित: to count]"	"to count"	"verb"	"A2"
"Lika"	"लिकअ"	"लइकअ"	"[अर्थ लंबित]"	"[अर्थ प्रलंबित: equally]"	"equally"	"noun"	"C1"
"lina"	"लिनअ"	"लइनअ"	"[अर्थ लंबित]"	"[अर्थ प्रलंबित: rope]"	"rope"	"noun"	"B2"
"linia"	"लिनिअ"	"लइनिअ"	"[अर्थ लंबित]"	"[अर्थ प्रलंबित: line]"	"line"	"noun"	"A1"
"lipiec"	"लिपिेत्स"	"लइपइएत्स"	"जुलाई"	"जुलै"	"July"	"noun"	"A2"
"liść"	"लिशच"	"लइशच"	"[अर्थ लंबित]"	"[अर्थ प्रलंबित]"	""	"noun"	"A2"
"liście"	"लिशचिे"	"लइशचिए"	"[अर्थ लंबित]"	"[अर्थ प्रलंबित: blade]"	"blade"	"noun"	"C1"
"list"	"लिसत"	"लइसत"	"[अर्थ लंबित]"	"[अर्थ प्रलंबित: letter]"	"letter"	"noun"	"A1"
"lista"	"लिसतअ"	"लइसतअ"	"[अर्थ लंबित]"	"[अर्थ प्रलंबित: list]"	"list"	"noun"	"B1"
"listopad"	"लिसतोपअद"	"लइसतओपअद"	"नवंबर"	"नोव्हेंबर"	""	"noun"	"A2"
"literacki"	"लितेरअत्सकि"	"लइतएरअत्सकइ"	"[अर्थ लंबित]"	"[अर्थ प्रलंबित: literary]"	"literary"	"noun"	"B2"
"lód"	"लउद"	"लउद"	"[अर्थ लंबित]"	"[अर्थ प्रलंबित: ice]"	"ice"	"noun"	"A2"
"łódź"	"वउजि"	"वउजि"	"[अर्थ लंबित]"	"[अर्थ प्रलंबित: boat]"	"boat"	"noun"	"A2"
"lokalny"	"लोकअलनि"	"लओकअलनइ"	"[अर्थ लंबित]"	"[अर्थ प्रलंबित: local]"	"local"	"noun"	"B1"
"łokieć"	"वोकिेच"	"वओकइएच"	"[अर्थ लंबित]"	"[अर्थ प्रलंबित: elbow]"	"elbow"	"verb"	"A2"
"Londyn"	"लोनदिन"	"लओनदइन"	"[अर्थ लंबित]"	"[अर्थ प्रलंबित: London]"	"London"	"noun"	"A2"
"los"	"लोस"	"लओस"	"[अर्थ लंबित]"	"[अर्थ प्रलंबित: lot]"	"lot"	"noun"	"A1"
"lot"	"लोत"	"लओत"	"[अर्थ लंबित]"	"[अर्थ प्रलंबित: flight]"	"flight"	"noun"	"B1"
"łóżko"	"वउझको"	"वउझकओ"	"[अर्थ लंबित]"	"[अर्थ प्रलंबित: bed]"	"bed"	"noun"	"A2"
"lub"	"लुब"	"लउब"	"[अर्थ लंबित]"	"[अर्थ प्रलंबित: or]"	"or"	"noun"	"A1"
"lubić"	"लुबिच"	"लउबइच"	"पसंद करना"	"आवडणे"	"like"	"verb"	"A2"
"lud"	"लुद"	"लउद"	"[अर्थ लंबित]"	"[अर्थ प्रलंबित: folk]"	"folk"	"noun"	"B1"
"lustro"	"लुसतरो"	"लउसतरओ"	"[अर्थ लंबित]"	"[अर्थ प्रलंबित: mirror]"	"mirror"	"noun"	"B1"
"luty"	"लुति"	"लउतइ"	"फरवरी"	"फेब्रुवारी"	""	"noun"	"A2"
"luźne"	"लुज़ने"	"लउज़नए"	"[अर्थ लंबित]"	"[अर्थ प्रलंबित: loose]"	"loose"	"noun"	"B1"
"łyżka"	"विझकअ"	"वइझकअ"	"[अर्थ लंबित]"	"[अर्थ प्रलंबित]"	""	"noun"	"A2"
"łza"	"वज़अ"	"वज़अ"	"[अर्थ लंबित]"	"[अर्थ प्रलंबित: tear]"	"tear"	"noun"	"A1"
"mądra"	"मओंदरअ"	"मओंदरअ"	"[अर्थ लंबित]"	"[अर्थ प्रलंबित]"	""	"noun"	"A2"
"mądry"	"मओंदरि"	"मओंदरइ"	"[अर्थ लंबित]"	"[अर्थ प्रलंबित: wise]"	"wise"	"noun"	"B1"
"magazyn"	"मअगअज़िन"	"मअगअज़इन"	"[अर्थ लंबित]"	"[अर्थ प्रलंबित: magazine]"	"magazine"	"noun"	"B2"
"magia"	"मअगिअ"	"मअगइअ"	"[अर्थ लंबित]"	"[अर्थ प्रलंबित: magic]"	"magic"	"noun"	"B2"
"maj"	"मअय"	"मअय"	"मई"	"मे"	""	"noun"	"A2"
"makaron"	"मअकअरोन"	"मअकअरओन"	"पास्ता"	"पास्ता"	""	"noun"	"A2"
"malarstwo"	"मअलअरसतवो"	"मअलअरसतवओ"	"[अर्थ लंबित]"	"[अर्थ प्रलंबित: painting]"	"painting"	"noun"	"B2"
"mało"	"मअवो"	"मअवओ"	"[अर्थ लंबित]"	"[अर्थ प्रलंबित: little]"	"little"	"noun"	"A1"
"malować"	"मअलोवअच"	"मअलओवअच"	"[अर्थ लंबित]"	"[अर्थ प्रलंबित: to paint]"	"to paint"	"verb"	"B1"
"malutki"	"मअलुतकि"	"मअलउतकइ"	"[अर्थ लंबित]"	"[अर्थ प्रलंबित: tiny]"	"tiny"	"noun"	"B1"
"mały"	"मअवि"	"मअवइ"	"छोटा"	"लहान"	"small"	"noun"	"A2"
"mały palec"	"मअवि पअलेत्स"	"मअवइ पअलएत्स"	"[अर्थ लंबित]"	"[अर्थ प्रलंबित: pink]"	"pink"	"noun"	"B2"
"mamrotać"	"मअमरोतअच"	"मअमरओतअच"	"[अर्थ लंबित]"	"[अर्थ प्रलंबित: to mutter]"	"to mutter"	"verb"	"B1"
"mapa"	"मअपअ"	"मअपअ"	"[अर्थ लंबित]"	"[अर्थ प्रलंबित: map]"	"map"	"noun"	"C1"
"marchew"	"मअरखेव"	"मअरखएव"	"गाजर"	"गाजर"	""	"noun"	"A2"
"marnować"	"मअरनोवअच"	"मअरनओवअच"	"[अर्थ लंबित]"	"[अर्थ प्रलंबित: to waste]"	"to waste"	"verb"	"B1"
"marsz"	"मअरश"	"मअरश"	"[अर्थ लंबित]"	"[अर्थ प्रलंबित: March]"	"March"	"noun"	"B2"
"marszczyć brwi"	"मअरश्चिच बरवि"	"मअरश्चइच बरवइ"	"[अर्थ लंबित]"	"[अर्थ प्रलंबित: to frown]"	"to frown"	"noun"	"B1"
"martwić się"	"मअरतविच शिएं"	"मअरतवइच शिएं"	"[अर्थ लंबित]"	"[अर्थ प्रलंबित: to worry]"	"to worry"	"noun"	"A2"
"marzec"	"मअझेत्स"	"मअझएत्स"	"मार्च"	"मार्च"	""	"noun"	"B1"
"marzenie"	"मअझेनिे"	"मअझएनिए"	"[अर्थ लंबित]"	"[अर्थ प्रलंबित: dream]"	"dream"	"noun"	"A1"
"masa"	"मअसअ"	"मअसअ"	"[अर्थ लंबित]"	"[अर्थ प्रलंबित: mass]"	"mass"	"noun"	"B1"
"masło"	"मअसवो"	"मअसवओ"	"मक्खन"	"लोणी"	""	"noun"	"B1"
"maszerować"	"मअशेरोवअच"	"मअशएरओवअच"	"[अर्थ लंबित]"	"[अर्थ प्रलंबित: to march]"	"to march"	"verb"	"B2"
"maszyna"	"मअशिनअ"	"मअशइनअ"	"[अर्थ लंबित]"	"[अर्थ प्रलंबित: machine]"	"machine"	"noun"	"B1"
"materia"	"मअतेरिअ"	"मअतएरइअ"	"[अर्थ लंबित]"	"[अर्थ प्रलंबित: matter]"	"matter"	"noun"	"A1"
"materiał"	"मअतेरिअव"	"मअतएरइअव"	"[अर्थ लंबित]"	"[अर्थ प्रलंबित: material]"	"material"	"noun"	"B1"
"matka"	"मअतकअ"	"मअतकअ"	"माँ"	"माई"	"mother"	"noun"	"B1"
"mąż"	"मओंझ"	"मओंझ"	"पति"	"पती"	"husband"	"noun"	"B1"
"mech"	"मेख"	"मएख"	"[अर्थ लंबित]"	"[अर्थ प्रलंबित]"	""	"noun"	"B1"
"medyczny"	"मेदिचनि"	"मएदइचनइ"	"[अर्थ लंबित]"	"[अर्थ प्रलंबित: medical]"	"medical"	"noun"	"C1"
"metoda"	"मेतोदअ"	"मएतओदअ"	"[अर्थ लंबित]"	"[अर्थ प्रलंबित: method]"	"method"	"noun"	"C1"
"mężczyzna"	"मएंझचिज़नअ"	"मएंझचइज़नअ"	"पुरुष"	"पुरुष"	"man"	"noun"	"B1"
"miasto"	"मिअसतो"	"मइअसतओ"	"शहर"	"शहर"	"town"	"noun"	"B1"
"mieć"	"मिेच"	"म्येच"	"पास होना"	"असणे"	"to have"	"verb"	"B1"
"mieć nadzieję"	"मिेच नअजिेयएं"	"मइएच नअजिएयएं"	"[अर्थ लंबित]"	"[अर्थ प्रलंबित: to hope]"	"to hope"	"noun"	"A1"
"mieć zamiar"	"मिेच ज़अमिअर"	"मइएच ज़अमइअर"	"[अर्थ लंबित]"	"[अर्थ प्रलंबित: to intend]"	"to intend"	"noun"	"B1"
"miecz"	"मिेच"	"मइएच"	"[अर्थ लंबित]"	"[अर्थ प्रलंबित: sword]"	"sword"	"noun"	"B1"
"miejsce"	"मिेयसत्से"	"मइएयसत्सए"	"[अर्थ लंबित]"	"[अर्थ प्रलंबित: place]"	"place"	"noun"	"A1"
"miękki"	"मिएंककि"	"मइएंककइ"	"[अर्थ लंबित]"	"[अर्थ प्रलंबित: soft]"	"soft"	"noun"	"A2"
"miesiąc"	"मिेशिओंत्स"	"मइएशिओंत्स"	"महीना"	"महिना"	"month"	"noun"	"B1"
"mięsień"	"मिएंशिेञ"	"मइएंशिएञ"	"[अर्थ लंबित]"	"[अर्थ प्रलंबित: muscle]"	"muscle"	"noun"	"B1"
"mięso"	"मिएंसो"	"मइएंसओ"	"मांस"	"मांस"	"meat"	"noun"	"B1"
"mieszać"	"मिेशअच"	"मइएशअच"	"[अर्थ लंबित]"	"[अर्थ प्रलंबित: to stir]"	"to stir"	"verb"	"B1"
"mieszkanie"	"मिेशकअनिे"	"मइएशकअनिए"	"[अर्थ लंबित]"	"[अर्थ प्रलंबित: flat]"	"flat"	"noun"	"B1"
"Mila"	"मिलअ"	"मइलअ"	"[अर्थ लंबित]"	"[अर्थ प्रलंबित: mile]"	"mile"	"noun"	"A2"
"milion"	"मिलिोन"	"मइलइओन"	"[अर्थ लंबित]"	"[अर्थ प्रलंबित: million]"	"million"	"noun"	"B1"
"miły"	"मिवि"	"मइवइ"	"[अर्थ लंबित]"	"[अर्थ प्रलंबित]"	""	"noun"	"B1"
"mimo że"	"मिमो झे"	"मइमओ झए"	"[अर्थ लंबित]"	"[अर्थ प्रलंबित: although]"	"although"	"noun"	"A2"
"minuta"	"मिनुतअ"	"मइनउतअ"	"मिनट"	"मिनिट"	"minute"	"noun"	"B1"
"miód"	"मिउद"	"मइउद"	"[अर्थ लंबित]"	"[अर्थ प्रलंबित]"	""	"noun"	"B1"
"misja"	"मिसयअ"	"मइसयअ"	"[अर्थ लंबित]"	"[अर्थ प्रलंबित: mission]"	"mission"	"noun"	"C1"
"miska"	"मिसकअ"	"मइसकअ"	"[अर्थ लंबित]"	"[अर्थ प्रलंबित: bowl]"	"bowl"	"noun"	"B2"
"mistrz"	"मिसतझ"	"मइसतझ"	"[अर्थ लंबित]"	"[अर्थ प्रलंबित: master]"	"master"	"noun"	"A2"
"mleko"	"मलेको"	"मलएकओ"	"दूध"	"दूध"	"milk"	"noun"	"B1"
"młody"	"मवोदि"	"मवओदइ"	"[अर्थ लंबित]"	"[अर्थ प्रलंबित: young]"	"young"	"noun"	"A1"
"młodzież"	"मवोजिेझ"	"मवओजिएझ"	"[अर्थ लंबित]"	"[अर्थ प्रलंबित: youth]"	"youth"	"noun"	"B1"
"mnie"	"मनिे"	"मनिए"	"[अर्थ लंबित]"	"[अर्थ प्रलंबित: me]"	"me"	"noun"	"A1"
"mniej"	"मनिेय"	"मनिएय"	"[अर्थ लंबित]"	"[अर्थ प्रलंबित: less]"	"less"	"noun"	"A1"
"mnóstwo"	"मनउसतवो"	"मनउसतवओ"	"[अर्थ लंबित]"	"[अर्थ प्रलंबित: plenty]"	"plenty"	"noun"	"B2"
"moc"	"मोत्स"	"मओत्स"	"[अर्थ लंबित]"	"[अर्थ प्रलंबित: power]"	"power"	"noun"	"A1"
"moda"	"मोदअ"	"मओदअ"	"[अर्थ लंबित]"	"[अर्थ प्रलंबित: fashion]"	"fashion"	"noun"	"B1"
"modlić się"	"मोदलिच शिएं"	"मओदलइच शिएं"	"[अर्थ लंबित]"	"[अर्थ प्रलंबित: to pray]"	"to pray"	"noun"	"B1"
"modlitwa"	"मोदलितवअ"	"मओदलइतवअ"	"[अर्थ लंबित]"	"[अर्थ प्रलंबित: prayer]"	"prayer"	"noun"	"B1"
"mógłby"	"मउगवबि"	"मउगवबइ"	"[अर्थ लंबित]"	"[अर्थ प्रलंबित: could]"	"could"	"noun"	"A1"
"mój"	"मउय"	"मउय"	"[अर्थ लंबित]"	"[अर्थ प्रलंबित: my]"	"my"	"noun"	"A1"
"mokry"	"मोकरि"	"मओकरइ"	"गीला"	"ओला"	""	"noun"	"B1"
"moralność"	"मोरअलनोशच"	"मओरअलनओशच"	"[अर्थ लंबित]"	"[अर्थ प्रलंबित: moral]"	"moral"	"noun"	"B2"
"morderstwo"	"मोरदेरसतवो"	"मओरदएरसतवओ"	"[अर्थ लंबित]"	"[अर्थ प्रलंबित: murder]"	"murder"	"noun"	"A2"
"morze"	"मोझे"	"मओझए"	"समुद्र"	"समुद्र"	"sea"	"noun"	"B1"
"most"	"मोसत"	"मओसत"	"[अर्थ लंबित]"	"[अर्थ प्रलंबित: bridge]"	"bridge"	"noun"	"B1"
"motyl"	"मोतिल"	"मओतइल"	"[अर्थ लंबित]"	"[अर्थ प्रलंबित]"	""	"noun"	"B1"
"mowa"	"मोवअ"	"मओवअ"	"[अर्थ लंबित]"	"[अर्थ प्रलंबित: speech]"	"speech"	"noun"	"B1"
"mówić"	"मउविच"	"मुविच"	"बोलना"	"बोलणे"	"to speak"	"verb"	"B1"
"może"	"मोझे"	"मओझए"	"[अर्थ लंबित]"	"[अर्थ प्रलंबित: to may]"	"to may"	"noun"	"A1"
"mózg"	"मउज़ग"	"मउज़ग"	"[अर्थ लंबित]"	"[अर्थ प्रलंबित: brain]"	"brain"	"noun"	"B1"
"możliwość"	"मोझलिवोशच"	"मओझलइवओशच"	"[अर्थ लंबित]"	"[अर्थ प्रलंबित: possibility]"	"possibility"	"noun"	"B2"
"możliwy"	"मोझलिवि"	"मओझलइवइ"	"[अर्थ लंबित]"	"[अर्थ प्रलंबित: possible]"	"possible"	"noun"	"A1"
"mu"	"मु"	"मउ"	"[अर्थ लंबित]"	"[अर्थ प्रलंबित: him]"	"him"	"noun"	"A1"
"mucha"	"मुखअ"	"मउखअ"	"[अर्थ लंबित]"	"[अर्थ प्रलंबित]"	""	"noun"	"B1"
"musi"	"मुशि"	"मउशि"	"[अर्थ लंबित]"	"[अर्थ प्रलंबित: to shall]"	"to shall"	"noun"	"A1"
"musieć"	"मुशिेच"	"मउशिएच"	"[अर्थ लंबित]"	"[अर्थ प्रलंबित: to must]"	"to must"	"verb"	"A1"
"muzyk"	"मुज़िक"	"मउज़इक"	"[अर्थ लंबित]"	"[अर्थ प्रलंबित]"	""	"noun"	"B1"
"muzyka"	"मुज़िकअ"	"मउज़इकअ"	"[अर्थ लंबित]"	"[अर्थ प्रलंबित: music]"	"music"	"noun"	"A2"
"my"	"मि"	"मइ"	"[अर्थ लंबित]"	"[अर्थ प्रलंबित: we]"	"we"	"noun"	"A1"
"myć"	"मिच"	"मइच"	"[अर्थ लंबित]"	"[अर्थ प्रलंबित: to wash]"	"to wash"	"verb"	"B1"
"mylić"	"मिलिच"	"मइलइच"	"[अर्थ लंबित]"	"[अर्थ प्रलंबित: to confuse]"	"to confuse"	"verb"	"C1"
"myśl"	"मिशल"	"मइशल"	"[अर्थ लंबित]"	"[अर्थ प्रलंबित: thought]"	"thought"	"noun"	"A1"
"myśleć"	"मिशलेच"	"मइशलएच"	"सोचना"	"विचार करणे"	"to think"	"verb"	"B1"
"na"	"नअ"	"नअ"	"[अर्थ लंबित]"	"[अर्थ प्रलंबित: on]"	"on"	"noun"	"A1"
"na bok"	"नअ बोक"	"नअ बओक"	"[अर्थ लंबित]"	"[अर्थ प्रलंबित: aside]"	"aside"	"noun"	"B1"
"na dół"	"नअ दउव"	"नअ दउव"	"[अर्थ लंबित]"	"[अर्थ प्रलंबित: down]"	"down"	"noun"	"A1"
"na górze"	"नअ गउझे"	"नअ गउझए"	"[अर्थ लंबित]"	"[अर्थ प्रलंबित: upstairs]"	"upstairs"	"noun"	"B2"
"na około"	"नअ ोकोवो"	"नअ ओकओवओ"	"[अर्थ लंबित]"	"[अर्थ प्रलंबित: around]"	"around"	"noun"	"A1"
"na pewno"	"नअ पेवनो"	"नअ पएवनओ"	"[अर्थ लंबित]"	"[अर्थ प्रलंबित: certainly]"	"certainly"	"noun"	"A2"
"na pokrycie"	"नअ पोकरिचिे"	"नअ पओकरइचिए"	"[अर्थ लंबित]"	"[अर्थ प्रलंबित: to cover]"	"to cover"	"noun"	"A1"
"na sprzedaż"	"नअ सपझेदअझ"	"नअ सपझएदअझ"	"[अर्थ लंबित]"	"[अर्थ प्रलंबित: to sell]"	"to sell"	"noun"	"A2"
"na wskroś"	"नअ वसकरोश"	"नअ वसकरओश"	"[अर्थ लंबित]"	"[अर्थ प्रलंबित: throughout]"	"throughout"	"noun"	"B2"
"na zakończenie"	"नअ ज़अकोञचेनिे"	"नअ ज़अकओञचएनिए"	"[अर्थ लंबित]"	"[अर्थ प्रलंबित: to conclude]"	"to conclude"	"noun"	"B2"
"na zawsze"	"नअ ज़अवशे"	"नअ ज़अवशए"	"[अर्थ लंबित]"	"[अर्थ प्रलंबित: forever]"	"forever"	"noun"	"B1"
"na zewnątrz"	"नअ ज़ेवनओंतझ"	"नअ ज़एवनओंतझ"	"[अर्थ लंबित]"	"[अर्थ प्रलंबित: out]"	"out"	"noun"	"A1"
"nachylenie"	"नअखिलेनिे"	"नअखइलएनिए"	"[अर्थ लंबित]"	"[अर्थ प्रलंबित: slope]"	"slope"	"noun"	"C1"
"naciągać"	"नअचिओंगअच"	"नअचिओंगअच"	"[अर्थ लंबित]"	"[अर्थ प्रलंबित: to strain]"	"to strain"	"verb"	"B2"
"nacisnąć"	"नअचिसनओंच"	"नअचिसनओंच"	"[अर्थ लंबित]"	"[अर्थ प्रलंबित: to press]"	"to press"	"noun"	"A2"
"nadal"	"नअदअल"	"नअदअल"	"[अर्थ लंबित]"	"[अर्थ प्रलंबित: still]"	"still"	"noun"	"A1"
"nadgarstek"	"नअदगअरसतेक"	"नअदगअरसतएक"	"[अर्थ लंबित]"	"[अर्थ प्रलंबित: wrist]"	"wrist"	"noun"	"B2"
"nagi"	"नअगि"	"नअगइ"	"[अर्थ लंबित]"	"[अर्थ प्रलंबित: bare]"	"bare"	"noun"	"B1"
"nagle"	"नअगले"	"नअगलए"	"[अर्थ लंबित]"	"[अर्थ प्रलंबित: suddenly]"	"suddenly"	"noun"	"A1"
"nagły"	"नअगवि"	"नअगवइ"	"[अर्थ लंबित]"	"[अर्थ प्रलंबित: sudden]"	"sudden"	"noun"	"A2"
"nagroda"	"नअगरोदअ"	"नअगरओदअ"	"[अर्थ लंबित]"	"[अर्थ प्रलंबित: reward]"	"reward"	"noun"	"C1"
"najmniej"	"नअयमनिेय"	"नअयमनिएय"	"[अर्थ लंबित]"	"[अर्थ प्रलंबित: least]"	"least"	"noun"	"A1"
"najwyraźniej"	"नअयविरअज़निेय"	"नअयवइरअज़निएय"	"[अर्थ लंबित]"	"[अर्थ प्रलंबित: apparently]"	"apparently"	"noun"	"B1"
"nalegać"	"नअलेगअच"	"नअलएगअच"	"[अर्थ लंबित]"	"[अर्थ प्रलंबित: to insist]"	"to insist"	"verb"	"B1"
"należeć"	"नअलेझेच"	"नअलएझएच"	"[अर्थ लंबित]"	"[अर्थ प्रलंबित: to belong]"	"to belong"	"verb"	"A2"
"należny"	"नअलेझनि"	"नअलएझनइ"	"[अर्थ लंबित]"	"[अर्थ प्रलंबित: due]"	"due"	"noun"	"B1"
"namiot"	"नअमिोत"	"नअमइओत"	"[अर्थ लंबित]"	"[अर्थ प्रलंबित: tent]"	"tent"	"noun"	"B2"
"naprawdę"	"नअपरअवदएं"	"नअपरअवदएं"	"[अर्थ लंबित]"	"[अर्थ प्रलंबित: really]"	"really"	"noun"	"A1"
"naprawić"	"नअपरअविच"	"नअपरअवइच"	"[अर्थ लंबित]"	"[अर्थ प्रलंबित: to fix]"	"to fix"	"verb"	"A2"
"Naprzód"	"नअपझउद"	"नअपझउद"	"[अर्थ लंबित]"	"[अर्थ प्रलंबित: forward]"	"forward"	"noun"	"A1"
"när kiedykolwiek"	"नäर किेदिकोलविेक"	"नäर कइएदइकओलवइएक"	"[अर्थ लंबित]"	"[अर्थ प्रलंबित: whenever]"	"whenever"	"noun"	"B2"
"naród"	"नअरउद"	"नअरउद"	"[अर्थ लंबित]"	"[अर्थ प्रलंबित: nation]"	"nation"	"noun"	"B2"
"narodziny"	"नअरोजिनि"	"नअरओजिनइ"	"[अर्थ लंबित]"	"[अर्थ प्रलंबित: birth]"	"birth"	"noun"	"B2"
"narzeczona"	"नअझेचोनअ"	"नअझएचओनअ"	"[अर्थ लंबित]"	"[अर्थ प्रलंबित]"	""	"noun"	"B1"
"narzekać"	"नअझेकअच"	"नअझएकअच"	"[अर्थ लंबित]"	"[अर्थ प्रलंबित: to complain]"	"to complain"	"verb"	"B2"
"nas"	"नअस"	"नअस"	"[अर्थ लंबित]"	"[अर्थ प्रलंबित: us]"	"us"	"noun"	"A1"
"następnie"	"नअसतएंपनिे"	"नअसतएंपनिए"	"[अर्थ लंबित]"	"[अर्थ प्रलंबित: then]"	"then"	"noun"	"A1"
"następujący"	"नअसतएंपुयओंत्सि"	"नअसतएंपउयओंत्सइ"	"[अर्थ लंबित]"	"[अर्थ प्रलंबित: following]"	"following"	"noun"	"A2"
"nastrój"	"नअसतरउय"	"नअसतरउय"	"[अर्थ लंबित]"	"[अर्थ प्रलंबित: mood]"	"mood"	"noun"	"B2"
"nasz"	"नअश"	"नअश"	"[अर्थ लंबित]"	"[अर्थ प्रलंबित: our]"	"our"	"noun"	"A1"
"Natura"	"नअतुरअ"	"नअतउरअ"	"[अर्थ लंबित]"	"[अर्थ प्रलंबित: nature]"	"nature"	"noun"	"A2"
"naturalnie"	"नअतुरअलनिे"	"नअतउरअलनिए"	"[अर्थ लंबित]"	"[अर्थ प्रलंबित: naturally]"	"naturally"	"noun"	"C1"
"naturalny"	"नअतुरअलनि"	"नअतउरअलनइ"	"[अर्थ लंबित]"	"[अर्थ प्रलंबित: natural]"	"natural"	"noun"	"A2"
"natychmiast"	"नअतिखमिअसत"	"नअतइखमइअसत"	"[अर्थ लंबित]"	"[अर्थ प्रलंबित: immediately]"	"immediately"	"noun"	"A2"
"nauczać"	"नअुचअच"	"नअउचअच"	"[अर्थ लंबित]"	"[अर्थ प्रलंबित]"	""	"verb"	"B1"
"nauczyciel"	"नअुचिचिेल"	"नअउचइचिएल"	"शिक्षक"	"शिक्षक"	"teacher"	"noun"	"B1"
"nauka"	"नअुकअ"	"नअउकअ"	"[अर्थ लंबित]"	"[अर्थ प्रलंबित: science]"	"science"	"noun"	"B2"
"nawyk"	"नअविक"	"नअवइक"	"[अर्थ लंबित]"	"[अर्थ प्रलंबित: habit]"	"habit"	"noun"	"B1"
"nerka"	"नेरकअ"	"नएरकअ"	"[अर्थ लंबित]"	"[अर्थ प्रलंबित]"	""	"noun"	"B1"
"nerw"	"नेरव"	"नएरव"	"[अर्थ लंबित]"	"[अर्थ प्रलंबित: nerve]"	"nerve"	"noun"	"B2"
"nerwowy"	"नेरवोवि"	"नएरवओवइ"	"[अर्थ लंबित]"	"[अर्थ प्रलंबित: nervous]"	"nervous"	"noun"	"B2"
"nic"	"नित्स"	"नित्स"	"[अर्थ लंबित]"	"[अर्थ प्रलंबित: nothing]"	"nothing"	"noun"	"A1"
"nie"	"निे"	"निए"	"[अर्थ लंबित]"	"[अर्थ प्रलंबित: not]"	"not"	"noun"	"A1"
"nie zdać"	"निे ज़दअच"	"निए ज़दअच"	"[अर्थ लंबित]"	"[अर्थ प्रलंबित: to fail]"	"to fail"	"verb"	"A2"
"nie żyje"	"निे झिये"	"निए झइयए"	"[अर्थ लंबित]"	"[अर्थ प्रलंबित: dead]"	"dead"	"noun"	"A1"
"niebezpieczny"	"निेबेज़पिेचनि"	"निएबएज़पइएचनइ"	"[अर्थ लंबित]"	"[अर्थ प्रलंबित: dangerous]"	"dangerous"	"noun"	"B1"
"niebieski"	"निेबिेसकि"	"निएबइएसकइ"	"नीला"	"निळा"	"blue"	"noun"	"B1"
"niebo"	"निेबो"	"निएबओ"	"[अर्थ लंबित]"	"[अर्थ प्रलंबित: sky]"	"sky"	"noun"	"A2"
"nieco"	"निेत्सो"	"निएत्सओ"	"[अर्थ लंबित]"	"[अर्थ प्रलंबित: slightly]"	"slightly"	"noun"	"A2"
"niedawno"	"निेदअवनो"	"निएदअवनओ"	"[अर्थ लंबित]"	"[अर्थ प्रलंबित: recently]"	"recently"	"noun"	"C1"
"niedziela"	"निेजिेलअ"	"न्येज़ेला"	"रविवार"	"रविवार"	"Sunday"	"noun"	"B1"
"niedźwiedź"	"निेजिविेजि"	"निएजिवइएजि"	"[अर्थ लंबित]"	"[अर्थ प्रलंबित: beer]"	"beer"	"noun"	"B2"
"Niemiecki"	"निेमिेत्सकि"	"निएमइएत्सकइ"	"[अर्थ लंबित]"	"[अर्थ प्रलंबित: German]"	"German"	"noun"	"B1"
"niemiły"	"निेमिवि"	"निएमइवइ"	"[अर्थ लंबित]"	"[अर्थ प्रलंबित]"	""	"noun"	"B1"
"niemowlę"	"निेमोवलएं"	"निएमओवलएं"	"[अर्थ लंबित]"	"[अर्थ प्रलंबित: baby]"	"baby"	"noun"	"A2"
"niemożliwy"	"निेमोझलिवि"	"निएमओझलइवइ"	"[अर्थ लंबित]"	"[अर्थ प्रलंबित: impossible]"	"impossible"	"noun"	"A2"
"nienawidzić"	"निेनअविजिच"	"निएनअवइजिच"	"[अर्थ लंबित]"	"[अर्थ प्रलंबित: to hate]"	"to hate"	"verb"	"A2"
"nieobecność"	"निेोबेत्सनोशच"	"निएओबएत्सनओशच"	"[अर्थ लंबित]"	"[अर्थ प्रलंबित: absence]"	"absence"	"noun"	"C1"
"niepokój"	"निेपोकउय"	"निएपओकउय"	"[अर्थ लंबित]"	"[अर्थ प्रलंबित: anxiety]"	"anxiety"	"noun"	"C1"
"nieruchomość"	"निेरुखोमोशच"	"निएरउखओमओशच"	"[अर्थ लंबित]"	"[अर्थ प्रलंबित: estate]"	"estate"	"noun"	"B2"
"nieruchomości"	"निेरुखोमोशचि"	"निएरउखओमओशचि"	"[अर्थ लंबित]"	"[अर्थ प्रलंबित: property]"	"property"	"noun"	"B1"
"niespokojny"	"निेसपोकोयनि"	"निएसपओकओयनइ"	"[अर्थ लंबित]"	"[अर्थ प्रलंबित: anxious]"	"anxious"	"noun"	"B2"
"niewinny"	"निेविननि"	"निएवइननइ"	"[अर्थ लंबित]"	"[अर्थ प्रलंबित: innocent]"	"innocent"	"noun"	"B2"
"niewolnik"	"निेवोलनिक"	"निएवओलनिक"	"[अर्थ लंबित]"	"[अर्थ प्रलंबित: slave]"	"slave"	"noun"	"B1"
"niezbędny"	"निेज़बएंदनि"	"निएज़बएंदनइ"	"[अर्थ लंबित]"	"[अर्थ प्रलंबित: necessary]"	"necessary"	"noun"	"A2"
"niezdolny"	"निेज़दोलनि"	"निएज़दओलनइ"	"[अर्थ लंबित]"	"[अर्थ प्रलंबित: unable]"	"unable"	"noun"	"B1"
"nieznajomy"	"निेज़नअयोमि"	"निएज़नअयओमइ"	"[अर्थ लंबित]"	"[अर्थ प्रलंबित: stranger]"	"stranger"	"noun"	"B1"
"nieznany"	"निेज़नअनि"	"निएज़नअनइ"	"[अर्थ लंबित]"	"[अर्थ प्रलंबित: unknown]"	"unknown"	"noun"	"B2"
"niezwykle"	"निेज़विकले"	"निएज़वइकलए"	"[अर्थ लंबित]"	"[अर्थ प्रलंबित: extremely]"	"extremely"	"noun"	"C1"
"niezwykły"	"निेज़विकवि"	"निएज़वइकवइ"	"[अर्थ लंबित]"	"[अर्थ प्रलंबित: unusual]"	"unusual"	"noun"	"C1"
"nigdy"	"निगदि"	"निगदइ"	"[अर्थ लंबित]"	"[अर्थ प्रलंबित: never]"	"never"	"noun"	"A1"
"nigdzie"	"निगजिे"	"निगजिए"	"[अर्थ लंबित]"	"[अर्थ प्रलंबित: anywhere]"	"anywhere"	"noun"	"B2"
"nikt"	"निकत"	"निकत"	"[अर्थ लंबित]"	"[अर्थ प्रलंबित: nobody]"	"nobody"	"noun"	"B1"
"Niska"	"निसकअ"	"निसकअ"	"[अर्थ लंबित]"	"[अर्थ प्रलंबित: low]"	"low"	"noun"	"A1"
"niski"	"निसकि"	"निसकइ"	"नीचा"	"खाली"	""	"noun"	"B1"
"niż"	"निझ"	"निझ"	"[अर्थ लंबित]"	"[अर्थ प्रलंबित: than]"	"than"	"noun"	"A1"
"noc"	"नोत्स"	"नओत्स"	"रात"	"रात"	"night"	"noun"	"B1"
"noga"	"नोगअ"	"नओगअ"	"[अर्थ लंबित]"	"[अर्थ प्रलंबित: leg]"	"leg"	"noun"	"A1"
"normalny"	"नोरमअलनि"	"नओरमअलनइ"	"[अर्थ लंबित]"	"[अर्थ प्रलंबित: normal]"	"normal"	"noun"	"B2"
"nos"	"नोस"	"नओस"	"[अर्थ लंबित]"	"[अर्थ प्रलंबित: nose]"	"nose"	"noun"	"B1"
"nosić"	"नोशिच"	"नओशिच"	"पहनना"	"परिधान करणे"	"to carry"	"verb"	"B1"
"nowoczesny"	"नोवोचेसनि"	"नओवओचएसनइ"	"[अर्थ लंबित]"	"[अर्थ प्रलंबित: modern]"	"modern"	"noun"	"B2"
"Nowy"	"नोवि"	"नओवइ"	"[अर्थ लंबित]"	"[अर्थ प्रलंबित: new]"	"new"	"noun"	"A1"
"nóż"	"नउझ"	"नउझ"	"[अर्थ लंबित]"	"[अर्थ प्रलंबित: knife]"	"knife"	"noun"	"B1"
"nudny"	"नुदनि"	"नउदनइ"	"[अर्थ लंबित]"	"[अर्थ प्रलंबित: dull]"	"dull"	"noun"	"B2"
"numer"	"नुमेर"	"नउमएर"	"[अर्थ लंबित]"	"[अर्थ प्रलंबित: number]"	"number"	"noun"	"A1"
"o"	"ो"	"ओ"	"[अर्थ लंबित]"	"[अर्थ प्रलंबित: about]"	"about"	"noun"	"A1"
"obcy"	"ोबत्सि"	"ओबत्सइ"	"[अर्थ लंबित]"	"[अर्थ प्रलंबित: foreign]"	"foreign"	"noun"	"B2"
"obecność"	"ोबेत्सनोशच"	"ओबएत्सनओशच"	"[अर्थ लंबित]"	"[अर्थ प्रलंबित: presence]"	"presence"	"noun"	"A2"
"obecny"	"ोबेत्सनि"	"ओबएत्सनइ"	"[अर्थ लंबित]"	"[अर्थ प्रलंबित: present]"	"present"	"noun"	"A1"
"obiad"	"ोबिअद"	"ओबइअद"	"[अर्थ लंबित]"	"[अर्थ प्रलंबित: dinner]"	"dinner"	"noun"	"A2"
"obie"	"ोबिे"	"ओबइए"	"[अर्थ लंबित]"	"[अर्थ प्रलंबित: both]"	"both"	"noun"	"A1"
"obiecać"	"ोबिेत्सअच"	"ओबइएत्सअच"	"[अर्थ लंबित]"	"[अर्थ प्रलंबित: to promise]"	"to promise"	"verb"	"A2"
"obiekt"	"ोबिेकत"	"ओबइएकत"	"[अर्थ लंबित]"	"[अर्थ प्रलंबित: object]"	"object"	"noun"	"A2"
"objąć"	"ोबयओंच"	"ओबयओंच"	"[अर्थ लंबित]"	"[अर्थ प्रलंबित: to embrace]"	"to embrace"	"noun"	"B2"
"objętość"	"ोबयएंतोशच"	"ओबयएंतओशच"	"[अर्थ लंबित]"	"[अर्थ प्रलंबित: volume]"	"volume"	"noun"	"B2"
"obniżyć"	"ोबनिझिच"	"ओबनिझइच"	"[अर्थ लंबित]"	"[अर्थ प्रलंबित: to lower]"	"to lower"	"verb"	"B1"
"obóz"	"ोबउज़"	"ओबउज़"	"[अर्थ लंबित]"	"[अर्थ प्रलंबित: camp]"	"camp"	"noun"	"A2"
"obraz"	"ोबरअज़"	"ओबरअज़"	"[अर्थ लंबित]"	"[अर्थ प्रलंबित: image]"	"image"	"noun"	"B1"
"obrazek"	"ोबरअज़ेक"	"ओबरअज़एक"	"[अर्थ लंबित]"	"[अर्थ प्रलंबित: picture]"	"picture"	"noun"	"A2"
"obserwować"	"ोबसेरवोवअच"	"ओबसएरवओवअच"	"[अर्थ लंबित]"	"[अर्थ प्रलंबित: to observe]"	"to observe"	"verb"	"A2"
"obudzić się"	"ोबुजिच शिएं"	"ओबउजिच शिएं"	"[अर्थ लंबित]"	"[अर्थ प्रलंबित: awake]"	"awake"	"noun"	"B1"
"oburzeniem"	"ोबुझेनिेम"	"ओबउझएनिएम"	"[अर्थ लंबित]"	"[अर्थ प्रलंबित: harm]"	"harm"	"noun"	"B2"
"obywatel"	"ोबिवअतेल"	"ओबइवअतएल"	"[अर्थ लंबित]"	"[अर्थ प्रलंबित: citizen]"	"citizen"	"noun"	"C1"
"oczywiście"	"ोचिविशचिे"	"ओचइवइशचिए"	"[अर्थ लंबित]"	"[अर्थ प्रलंबित: obviously]"	"obviously"	"noun"	"B2"
"oczywiste"	"ोचिविसते"	"ओचइवइसतए"	"[अर्थ लंबित]"	"[अर्थ प्रलंबित: obvious]"	"obvious"	"noun"	"B2"
"od"	"ोद"	"ओद"	"[अर्थ लंबित]"	"[अर्थ प्रलंबित: since]"	"since"	"noun"	"A1"
"odbicie"	"ोदबिचिे"	"ओदबइचिए"	"[अर्थ लंबित]"	"[अर्थ प्रलंबित: reflection]"	"reflection"	"noun"	"C1"
"oddech"	"ोददेख"	"ओददएख"	"[अर्थ लंबित]"	"[अर्थ प्रलंबित: breath]"	"breath"	"noun"	"A1"
"oddychać"	"ोददिखअच"	"ओददइखअच"	"[अर्थ लंबित]"	"[अर्थ प्रलंबित: to breathe]"	"to breathe"	"verb"	"B1"
"oddział"	"ोदजिअव"	"ओदजिअव"	"[अर्थ लंबित]"	"[अर्थ प्रलंबित: branch]"	"branch"	"noun"	"B1"
"oddzielić"	"ोदजिेलिच"	"ओदजिएलइच"	"[अर्थ लंबित]"	"[अर्थ प्रलंबित: to separate]"	"to separate"	"verb"	"B1"
"oddzielnie"	"ोदजिेलनिे"	"ओदजिएलनिए"	"[अर्थ लंबित]"	"[अर्थ प्रलंबित: apart]"	"apart"	"noun"	"B1"
"odejść"	"ोदेयशच"	"ओदएयशच"	"[अर्थ लंबित]"	"[अर्थ प्रलंबित: to depart]"	"to depart"	"noun"	"C1"
"odkrywać"	"ोदकरिवअच"	"ओदकरइवअच"	"[अर्थ लंबित]"	"[अर्थ प्रलंबित: to discover]"	"to discover"	"verb"	"A2"
"odległe"	"ोदलेगवे"	"ओदलएगवए"	"[अर्थ लंबित]"	"[अर्थ प्रलंबित: distant]"	"distant"	"noun"	"B2"
"odmówić"	"ोदमउविच"	"ओदमउवइच"	"[अर्थ लंबित]"	"[अर्थ प्रलंबित: to refuse]"	"to refuse"	"verb"	"A2"
"odnosić się"	"ोदनोशिच शिएं"	"ओदनओशिच शिएं"	"[अर्थ लंबित]"	"[अर्थ प्रलंबित: to refer]"	"to refer"	"noun"	"B1"
"odpocząć"	"ोदपोचओंच"	"ओदपओचओंच"	"[अर्थ लंबित]"	"[अर्थ प्रलंबित: to relax]"	"to relax"	"noun"	"B2"
"odpowiedź"	"ोदपोविेजि"	"ओदपओवइएजि"	"[अर्थ लंबित]"	"[अर्थ प्रलंबित: response]"	"response"	"noun"	"B1"
"odpowiedzialność"	"ोदपोविेजिअलनोशच"	"ओदपओवइएजिअलनओशच"	"[अर्थ लंबित]"	"[अर्थ प्रलंबित: responsibility]"	"responsibility"	"noun"	"B2"
"odpowiedzieć"	"ोदपोविेजिेच"	"ओदपओवइएजिएच"	"[अर्थ लंबित]"	"[अर्थ प्रलंबित: to answer]"	"to answer"	"verb"	"A1"
"odwaga"	"ोदवअगअ"	"ओदवअगअ"	"[अर्थ लंबित]"	"[अर्थ प्रलंबित: courage]"	"courage"	"noun"	"B2"
"odważny"	"ोदवअझनि"	"ओदवअझनइ"	"[अर्थ लंबित]"	"[अर्थ प्रलंबित: brave]"	"brave"	"noun"	"B2"
"odważyć się"	"ोदवअझिच शिएं"	"ओदवअझइच शिएं"	"[अर्थ लंबित]"	"[अर्थ प्रलंबित: to dare]"	"to dare"	"noun"	"A2"
"odwiedzać"	"ोदविेजअच"	"ओदवइएजअच"	"[अर्थ लंबित]"	"[अर्थ प्रलंबित: to visit]"	"to visit"	"verb"	"A1"
"odwołać się"	"ोदवोवअच शिएं"	"ओदवओवअच शिएं"	"[अर्थ लंबित]"	"[अर्थ प्रलंबित: to appeal]"	"to appeal"	"noun"	"B2"
"odzwierciedlać"	"ोजविेरचिेदलअच"	"ओजवइएरचिएदलअच"	"[अर्थ लंबित]"	"[अर्थ प्रलंबित: to reflect]"	"to reflect"	"verb"	"B1"
"odzyskać"	"ोजिसकअच"	"ओजइसकअच"	"[अर्थ लंबित]"	"[अर्थ प्रलंबित: to recover]"	"to recover"	"verb"	"B2"
"oferta"	"ोफेरतअ"	"ओफएरतअ"	"[अर्थ लंबित]"	"[अर्थ प्रलंबित: tender]"	"tender"	"noun"	"C1"
"ofiara"	"ोफिअरअ"	"ओफइअरअ"	"[अर्थ लंबित]"	"[अर्थ प्रलंबित: victim]"	"victim"	"noun"	"B2"
"oficer"	"ोफित्सेर"	"ओफइत्सएर"	"[अर्थ लंबित]"	"[अर्थ प्रलंबित: officer]"	"officer"	"noun"	"A2"
"oficjalny"	"ोफित्सयअलनि"	"ओफइत्सयअलनइ"	"[अर्थ लंबित]"	"[अर्थ प्रलंबित: official]"	"official"	"noun"	"B2"
"ogień"	"ोगिेञ"	"ओगइएञ"	"[अर्थ लंबित]"	"[अर्थ प्रलंबित: fire]"	"fire"	"noun"	"A1"
"oglądać"	"ोगलओंदअच"	"ओगलओंदअच"	"[अर्थ लंबित]"	"[अर्थ प्रलंबित: to watch]"	"to watch"	"verb"	"A1"
"ogłosić"	"ोगवोशिच"	"ओगवओशिच"	"[अर्थ लंबित]"	"[अर्थ प्रलंबित: to announce]"	"to announce"	"verb"	"B1"
"Ogólne"	"ोगउलने"	"ओगउलनए"	"[अर्थ लंबित]"	"[अर्थ प्रलंबित: generally]"	"generally"	"noun"	"B2"
"ogon"	"ोगोन"	"ओगओन"	"[अर्थ लंबित]"	"[अर्थ प्रलंबित: tail]"	"tail"	"noun"	"B2"
"ogród"	"ोगरउद"	"ओगरउद"	"[अर्थ लंबित]"	"[अर्थ प्रलंबित: garden]"	"garden"	"noun"	"A2"
"ojciec"	"ोयचिेत्स"	"ओयचिएत्स"	"पिता"	"बाप"	"father"	"noun"	"B1"
"okazja"	"ोकअज़यअ"	"ओकअज़यअ"	"[अर्थ लंबित]"	"[अर्थ प्रलंबित: occasion]"	"occasion"	"noun"	"A2"
"okno"	"ोकनो"	"ओकनओ"	"[अर्थ लंबित]"	"[अर्थ प्रलंबित: window]"	"window"	"noun"	"B1"
"oko"	"ोको"	"ओकओ"	"[अर्थ लंबित]"	"[अर्थ प्रलंबित: eye]"	"eye"	"noun"	"B1"
"okoliczności"	"ोकोलिचनोशचि"	"ओकओलइचनओशचि"	"[अर्थ लंबित]"	"[अर्थ प्रलंबित: circumstance]"	"circumstance"	"noun"	"B1"
"okrąg"	"ोकरओंग"	"ओकरओंग"	"[अर्थ लंबित]"	"[अर्थ प्रलंबित: circle]"	"circle"	"noun"	"A2"
"okrągły"	"ोकरओंगवि"	"ओकरओंगवइ"	"[अर्थ लंबित]"	"[अर्थ प्रलंबित: round]"	"round"	"noun"	"A1"
"okres"	"ोकरेस"	"ओकरएस"	"[अर्थ लंबित]"	"[अर्थ प्रलंबित: period]"	"period"	"noun"	"B1"
"określić"	"ोकरेशलिच"	"ओकरएशलइच"	"[अर्थ लंबित]"	"[अर्थ प्रलंबित: to determine]"	"to determine"	"verb"	"B1"
"okrutny"	"ोकरुतनि"	"ओकरउतनइ"	"[अर्थ लंबित]"	"[अर्थ प्रलंबित: cruel]"	"cruel"	"noun"	"C1"
"okulary"	"ोकुलअरि"	"ओकउलअरइ"	"[अर्थ लंबित]"	"[अर्थ प्रलंबित: glasses]"	"glasses"	"noun"	"B2"
"olbrzym"	"ोलबझिम"	"ओलबझइम"	"[अर्थ लंबित]"	"[अर्थ प्रलंबित: giant]"	"giant"	"noun"	"B2"
"olbrzymi"	"ोलबझिमि"	"ओलबझइमइ"	"[अर्थ लंबित]"	"[अर्थ प्रलंबित: huge]"	"huge"	"noun"	"A2"
"olej"	"ोलेय"	"ओलएय"	"[अर्थ लंबित]"	"[अर्थ प्रलंबित: oil]"	"oil"	"noun"	"B1"
"on"	"ोन"	"ओन"	"[अर्थ लंबित]"	"[अर्थ प्रलंबित: he]"	"he"	"noun"	"A1"
"Ona"	"ोनअ"	"ओनअ"	"[अर्थ लंबित]"	"[अर्थ प्रलंबित: she]"	"she"	"noun"	"A1"
"one"	"ोने"	"ओनए"	"[अर्थ लंबित]"	"[अर्थ प्रलंबित: they]"	"they"	"noun"	"A1"
"opinia"	"ोपिनिअ"	"ओपइनिअ"	"[अर्थ लंबित]"	"[अर्थ प्रलंबित: opinion]"	"opinion"	"noun"	"A2"
"opis"	"ोपिस"	"ओपइस"	"[अर्थ लंबित]"	"[अर्थ प्रलंबित: description]"	"description"	"noun"	"B2"
"opisać"	"ोपिसअच"	"ओपइसअच"	"[अर्थ लंबित]"	"[अर्थ प्रलंबित: to describe]"	"to describe"	"verb"	"A2"
"opłata"	"ोपवअतअ"	"ओपवअतअ"	"[अर्थ लंबित]"	"[अर्थ प्रलंबित: charge]"	"charge"	"noun"	"A2"
"opowieść"	"ोपोविेशच"	"ओपओवइएशच"	"[अर्थ लंबित]"	"[अर्थ प्रलंबित: tale]"	"tale"	"noun"	"A2"
"oprócz"	"ोपरउच"	"ओपरउच"	"[अर्थ लंबित]"	"[अर्थ प्रलंबित: beside]"	"beside"	"noun"	"A2"
"oprzeć"	"ोपझेच"	"ओपझएच"	"[अर्थ लंबित]"	"[अर्थ प्रलंबित: to lean]"	"to lean"	"verb"	"A1"
"oprzeć się"	"ोपझेच शिएं"	"ओपझएच शिएं"	"[अर्थ लंबित]"	"[अर्थ प्रलंबित: to resist]"	"to resist"	"noun"	"B2"
"opuszczać"	"ोपुश्चअच"	"ओपउश्चअच"	"[अर्थ लंबित]"	"[अर्थ प्रलंबित: lad]"	"lad"	"verb"	"B2"
"oryginalny"	"ोरिगिनअलनि"	"ओरइगइनअलनइ"	"[अर्थ लंबित]"	"[अर्थ प्रलंबित: original]"	"original"	"noun"	"B1"
"orzeczenie"	"ोझेचेनिे"	"ओझएचएनिए"	"[अर्थ लंबित]"	"[अर्थ प्रलंबित: judgment]"	"judgment"	"noun"	"C1"
"orzeł"	"ोझेव"	"ओझएव"	"[अर्थ लंबित]"	"[अर्थ प्रलंबित]"	""	"noun"	"B1"
"osiągnąć"	"ोशिओंगनओंच"	"ओशिओंगनओंच"	"[अर्थ लंबित]"	"[अर्थ प्रलंबित: to reach]"	"to reach"	"noun"	"A1"
"osiedlać się"	"ोशिेदलअच शिएं"	"ओशिएदलअच शिएं"	"[अर्थ लंबित]"	"[अर्थ प्रलंबित: to settle]"	"to settle"	"noun"	"A2"
"osiem"	"ोशिेम"	"ओशिएम"	"आठ"	"आठ"	"eight"	"noun"	"B1"
"osiemdziesiąt"	"ोशिेमजिेशिओंत"	"ओशिएमजिएशिओंत"	"[अर्थ लंबित]"	"[अर्थ प्रलंबित]"	""	"noun"	"B1"
"osiemnaście"	"ोशिेमनअशचिे"	"ओशिएमनअशचिए"	"[अर्थ लंबित]"	"[अर्थ प्रलंबित]"	""	"noun"	"B1"
"osioł"	"ोशिोव"	"ओशिओव"	"[अर्थ लंबित]"	"[अर्थ प्रलंबित: ass]"	"ass"	"noun"	"B2"
"oskarżać"	"ोसकअरझअच"	"ओसकअरझअच"	"[अर्थ लंबित]"	"[अर्थ प्रलंबित: to accuse]"	"to accuse"	"verb"	"C1"
"osoba"	"ोसोबअ"	"ओसओबअ"	"[अर्थ लंबित]"	"[अर्थ प्रलंबित: person]"	"person"	"noun"	"A1"
"osobisty"	"ोसोबिसति"	"ओसओबइसतइ"	"[अर्थ लंबित]"	"[अर्थ प्रलंबित: personal]"	"personal"	"noun"	"A2"
"ostatecznie"	"ोसतअतेचनिे"	"ओसतअतएचनिए"	"[अर्थ लंबित]"	"[अर्थ प्रलंबित: eventually]"	"eventually"	"noun"	"C1"
"ostatni, ubiegły, zeszły"	"ोसतअतनि, ुबिेगवि, ज़ेशवि"	"ओसतअतनि, उबइएगवइ, ज़एशवइ"	"[अर्थ लंबित]"	"[अर्थ प्रलंबित: last]"	"last"	"noun"	"A1"
"ostrowy"	"ोसतरोवि"	"ओसतरओवइ"	"[अर्थ लंबित]"	"[अर्थ प्रलंबित]"	""	"noun"	"B1"
"ostrożnie"	"ोसतरोझनिे"	"ओसतरओझनिए"	"[अर्थ लंबित]"	"[अर्थ प्रलंबित: carefully]"	"carefully"	"noun"	"A2"
"ostry"	"ोसतरि"	"ओसतरइ"	"[अर्थ लंबित]"	"[अर्थ प्रलंबित: sharp]"	"sharp"	"noun"	"B1"
"ostrzec"	"ोसतझेत्स"	"ओसतझएत्स"	"[अर्थ लंबित]"	"[अर्थ प्रलंबित: to warn]"	"to warn"	"noun"	"B1"
"ostrzeżenie"	"ोसतझेझेनिे"	"ओसतझएझएनिए"	"[अर्थ लंबित]"	"[अर्थ प्रलंबित: warning]"	"warning"	"noun"	"B2"
"oświadczenie"	"ोशविअदचेनिे"	"ओशवइअदचएनिए"	"[अर्थ लंबित]"	"[अर्थ प्रलंबित: statement]"	"statement"	"noun"	"B2"
"oszukać"	"ोशुकअच"	"ओशउकअच"	"[अर्थ लंबित]"	"[अर्थ प्रलंबित: fool]"	"fool"	"verb"	"A2"
"otaczać"	"ोतअचअच"	"ओतअचअच"	"[अर्थ लंबित]"	"[अर्थ प्रलंबित: to surround]"	"to surround"	"verb"	"B1"
"otrzymać"	"ोतझिमअच"	"ओतझइमअच"	"[अर्थ लंबित]"	"[अर्थ प्रलंबित: to receive]"	"to receive"	"verb"	"A2"
"otwarcie"	"ोतवअरचिे"	"ओतवअरचिए"	"[अर्थ लंबित]"	"[अर्थ प्रलंबित: opening]"	"opening"	"noun"	"B2"
"otworzyć"	"ोतवोझिच"	"ओतवओझइच"	"[अर्थ लंबित]"	"[अर्थ प्रलंबित: to open]"	"to open"	"verb"	"A1"
"owoc"	"ोवोत्स"	"ओवओत्स"	"[अर्थ लंबित]"	"[अर्थ प्रलंबित: fruit]"	"fruit"	"noun"	"B2"
"pacjent"	"पअत्सयेनत"	"पअत्सयएनत"	"[अर्थ लंबित]"	"[अर्थ प्रलंबित: patient]"	"patient"	"noun"	"B1"
"padać"	"पअदअच"	"पअदअच"	"गिरना"	"पडणे"	""	"verb"	"B1"
"pająk"	"पअयओंक"	"पअयओंक"	"[अर्थ लंबित]"	"[अर्थ प्रलंबित]"	""	"noun"	"B1"
"pałac"	"पअवअत्स"	"पअवअत्स"	"[अर्थ लंबित]"	"[अर्थ प्रलंबित: palace]"	"palace"	"noun"	"B2"
"palec"	"पअलेत्स"	"पअलएत्स"	"[अर्थ लंबित]"	"[अर्थ प्रलंबित: finger]"	"finger"	"noun"	"B1"
"palić"	"पअलिच"	"पअलइच"	"[अर्थ लंबित]"	"[अर्थ प्रलंबित: smoke]"	"smoke"	"verb"	"A2"
"palić się"	"पअलिच शिएं"	"पअलइच शिएं"	"[अर्थ लंबित]"	"[अर्थ प्रलंबित: to burn]"	"to burn"	"noun"	"A2"
"pamięć"	"पअमिएंच"	"पअमइएंच"	"[अर्थ लंबित]"	"[अर्थ प्रलंबित: memory]"	"memory"	"noun"	"A2"
"Pan"	"पअन"	"पअन"	"[अर्थ लंबित]"	"[अर्थ प्रलंबित: sir]"	"sir"	"noun"	"A1"
"Pan Bóg"	"पअन बउग"	"पअन बउग"	"[अर्थ लंबित]"	"[अर्थ प्रलंबित: God]"	"God"	"noun"	"A1"
"Pani"	"पअनि"	"पअनि"	"[अर्थ लंबित]"	"[अर्थ प्रलंबित: Mrs]"	"Mrs"	"noun"	"B1"
"Panie"	"पअनिे"	"पअनिए"	"[अर्थ लंबित]"	"[अर्थ प्रलंबित: lord]"	"lord"	"noun"	"B1"
"pano"	"पअनो"	"पअनओ"	"[अर्थ लंबित]"	"[अर्थ प्रलंबित]"	""	"noun"	"B1"
"papier"	"पअपिेर"	"पअपइएर"	"[अर्थ लंबित]"	"[अर्थ प्रलंबित: paper]"	"paper"	"noun"	"A1"
"papieros"	"पअपिेरोस"	"पअपइएरओस"	"[अर्थ लंबित]"	"[अर्थ प्रलंबित: cigarette]"	"cigarette"	"noun"	"B1"
"para"	"पअरअ"	"पअरअ"	"[अर्थ लंबित]"	"[अर्थ प्रलंबित: couple]"	"couple"	"noun"	"A2"
"park"	"पअरक"	"पअरक"	"पार्क"	"उद्यान"	""	"noun"	"B1"
"Paryż"	"पअरिझ"	"पअरइझ"	"[अर्थ लंबित]"	"[अर्थ प्रलंबित: Paris]"	"Paris"	"noun"	"B1"
"parzysty"	"पअझिसति"	"पअझइसतइ"	"[अर्थ लंबित]"	"[अर्थ प्रलंबित: even]"	"even"	"noun"	"A1"
"pas"	"पअस"	"पअस"	"[अर्थ लंबित]"	"[अर्थ प्रलंबित: belt]"	"belt"	"noun"	"C1"
"pasażer"	"पअसअझेर"	"पअसअझएर"	"[अर्थ लंबित]"	"[अर्थ प्रलंबित: passenger]"	"passenger"	"noun"	"B2"
"pasja"	"पअसयअ"	"पअसयअ"	"[अर्थ लंबित]"	"[अर्थ प्रलंबित: passion]"	"passion"	"noun"	"B1"
"pasować"	"पअसोवअच"	"पअसओवअच"	"[अर्थ लंबित]"	"[अर्थ प्रलंबित: to fit]"	"to fit"	"verb"	"A2"
"patelnia"	"पअतेलनिअ"	"पअतएलनिअ"	"[अर्थ लंबित]"	"[अर्थ प्रलंबित]"	""	"noun"	"B1"
"patrzeć"	"पअतझेच"	"पअतझएच"	"[अर्थ लंबित]"	"[अर्थ प्रलंबित: to look]"	"to look"	"verb"	"A1"
"pauzować"	"पअुज़ोवअच"	"पअउज़ओवअच"	"[अर्थ लंबित]"	"[अर्थ प्रलंबित: to pause]"	"to pause"	"verb"	"A2"
"październik"	"पअज़जिेरनिक"	"पअज़जिएरनिक"	"अक्टूबर"	"ऑक्टोबर"	""	"noun"	"B1"
"paznokieć"	"पअज़नोकिेच"	"पअज़नओकइएच"	"[अर्थ लंबित]"	"[अर्थ प्रलंबित]"	""	"verb"	"B1"
"pchać"	"पखअच"	"पखअच"	"[अर्थ लंबित]"	"[अर्थ प्रलंबित: to thrust]"	"to thrust"	"verb"	"B2"
"pęknąć"	"पएंकनओंच"	"पएंकनओंच"	"[अर्थ लंबित]"	"[अर्थ प्रलंबित: to burst]"	"to burst"	"noun"	"B1"
"pełny"	"पेवनि"	"पएवनइ"	"[अर्थ लंबित]"	"[अर्थ प्रलंबित: full]"	"full"	"noun"	"A1"
"pełzać"	"पेवज़अच"	"पएवज़अच"	"[अर्थ लंबित]"	"[अर्थ प्रलंबित: to creep]"	"to creep"	"verb"	"B2"
"personel"	"पेरसोनेल"	"पएरसओनएल"	"[अर्थ लंबित]"	"[अर्थ प्रलंबित: staff]"	"staff"	"noun"	"B2"
"pewnego razu"	"पेवनेगो रअज़ु"	"पएवनएगओ रअज़उ"	"[अर्थ लंबित]"	"[अर्थ प्रलंबित: once]"	"once"	"noun"	"A1"
"pewnie"	"पेवनिे"	"पएवनिए"	"[अर्थ लंबित]"	"[अर्थ प्रलंबित: sure]"	"sure"	"noun"	"A1"
"pewny"	"पेवनि"	"पएवनइ"	"[अर्थ लंबित]"	"[अर्थ प्रलंबित: certain]"	"certain"	"noun"	"A1"
"piasek"	"पिअसेक"	"पइअसएक"	"[अर्थ लंबित]"	"[अर्थ प्रलंबित: sand]"	"sand"	"noun"	"B2"
"piątek"	"पिओंतेक"	"प्योंतेक"	"शुक्रवार"	"शुक्रवार"	""	"noun"	"B1"
"pić"	"पिच"	"पइच"	"[अर्थ लंबित]"	"[अर्थ प्रलंबित: to drink]"	"to drink"	"verb"	"A1"
"pięć"	"पिएंच"	"पइएंच"	"पाँच"	"पाच"	"five"	"noun"	"B1"
"pięćdziesiąt"	"पिएंचजिेशिओंत"	"पइएंचजिएशिओंत"	"[अर्थ लंबित]"	"[अर्थ प्रलंबित: fifty]"	"fifty"	"noun"	"B1"
"piekło"	"पिेकवो"	"पइएकवओ"	"[अर्थ लंबित]"	"[अर्थ प्रलंबित: hell]"	"hell"	"noun"	"A2"
"piękno"	"पिएंकनो"	"पइएंकनओ"	"[अर्थ लंबित]"	"[अर्थ प्रलंबित: beauty]"	"beauty"	"noun"	"A2"
"piękny"	"पिएंकनि"	"पइएंकनइ"	"सुंदर"	"सुंदर"	"beautiful"	"noun"	"B1"
"pielęgniarka"	"पिेलएंगनिअरकअ"	"पइएलएंगनिअरकअ"	"[अर्थ लंबित]"	"[अर्थ प्रलंबित: nurse]"	"nurse"	"noun"	"B1"
"pieniądze"	"पिेनिओंजे"	"पइएनिओंजए"	"[अर्थ लंबित]"	"[अर्थ प्रलंबित: money]"	"money"	"noun"	"A1"
"pierś"	"पिेरश"	"पइएरश"	"[अर्थ लंबित]"	"[अर्थ प्रलंबित: breast]"	"breast"	"noun"	"A2"
"pierścień"	"पिेरशचिेञ"	"पइएरशचिएञ"	"[अर्थ लंबित]"	"[अर्थ प्रलंबित: ring]"	"ring"	"noun"	"A2"
"pierwszy"	"पिेरवशि"	"पइएरवशइ"	"[अर्थ लंबित]"	"[अर्थ प्रलंबित: first]"	"first"	"noun"	"A1"
"pies"	"पिेस"	"पइएस"	"कुत्ता"	"कुत्रा"	"dog"	"noun"	"B1"
"pięść"	"पिएंशच"	"पइएंशच"	"[अर्थ लंबित]"	"[अर्थ प्रलंबित: fist]"	"fist"	"noun"	"B2"
"pięta"	"पिएंतअ"	"पइएंतअ"	"[अर्थ लंबित]"	"[अर्थ प्रलंबित: heel]"	"heel"	"noun"	"B2"
"piętnaście"	"पिएंतनअशचिे"	"पइएंतनअशचिए"	"[अर्थ लंबित]"	"[अर्थ प्रलंबित: fifteen]"	"fifteen"	"noun"	"B1"
"piętro"	"पिएंतरो"	"पइएंतरओ"	"[अर्थ लंबित]"	"[अर्थ प्रलंबित]"	""	"noun"	"B1"
"pijany"	"पियअनि"	"पइयअनइ"	"[अर्थ लंबित]"	"[अर्थ प्रलंबित: drunk]"	"drunk"	"noun"	"B2"
"piłka"	"पिवकअ"	"पइवकअ"	"[अर्थ लंबित]"	"[अर्थ प्रलंबित: ball]"	"ball"	"noun"	"B1"
"pióro"	"पिउरो"	"पइउरओ"	"[अर्थ लंबित]"	"[अर्थ प्रलंबित: pen]"	"pen"	"noun"	"B2"
"piosenka"	"पिोसेनकअ"	"पइओसएनकअ"	"[अर्थ लंबित]"	"[अर्थ प्रलंबित: song]"	"song"	"noun"	"A2"
"pisać"	"पिसअच"	"पइसअच"	"लिखना"	"लिहिणे"	"to write"	"verb"	"B1"
"pisanie"	"पिसअनिे"	"पइसअनिए"	"[अर्थ लंबित]"	"[अर्थ प्रलंबित: writing]"	"writing"	"noun"	"B2"
"pisarz"	"पिसअझ"	"पइसअझ"	"[अर्थ लंबित]"	"[अर्थ प्रलंबित: writer]"	"writer"	"noun"	"B1"
"pistolet"	"पिसतोलेत"	"पइसतओलएत"	"[अर्थ लंबित]"	"[अर्थ प्रलंबित: gun]"	"gun"	"noun"	"A2"
"piwo"	"पिवो"	"पइवओ"	"बीयर"	"बिअर"	""	"noun"	"B1"
"placek"	"पलअत्सेक"	"पलअत्सएक"	"[अर्थ लंबित]"	"[अर्थ प्रलंबित: cake]"	"cake"	"noun"	"C1"
"płacić"	"पवअचिच"	"पवअचिच"	"[अर्थ लंबित]"	"[अर्थ प्रलंबित: to pay]"	"to pay"	"verb"	"A1"
"płakać"	"पवअकअच"	"पवअकअच"	"[अर्थ लंबित]"	"[अर्थ प्रलंबित: to cry]"	"to cry"	"verb"	"A1"
"płaszcz"	"पवअश्च"	"पवअश्च"	"[अर्थ लंबित]"	"[अर्थ प्रलंबित: coat]"	"coat"	"noun"	"A2"
"plaża"	"पलअझअ"	"पलअझअ"	"समुद्र तट"	"किनारा"	"beach"	"noun"	"B1"
"plik"	"पलिक"	"पलइक"	"[अर्थ लंबित]"	"[अर्थ प्रलंबित: file]"	"file"	"noun"	"B2"
"płomień"	"पवोमिेञ"	"पवओमइएञ"	"[अर्थ लंबित]"	"[अर्थ प्रलंबित: flame]"	"flame"	"noun"	"B1"
"płot"	"पवोत"	"पवओत"	"[अर्थ लंबित]"	"[अर्थ प्रलंबित: fence]"	"fence"	"noun"	"B2"
"płótno"	"पवउतनो"	"पवउतनओ"	"[अर्थ लंबित]"	"[अर्थ प्रलंबित: cloth]"	"cloth"	"noun"	"B2"
"płuca"	"पवुत्सअ"	"पवउत्सअ"	"[अर्थ लंबित]"	"[अर्थ प्रलंबित]"	""	"noun"	"B1"
"płynąć"	"पविनओंच"	"पवइनओंच"	"[अर्थ लंबित]"	"[अर्थ प्रलंबित: to flow]"	"to flow"	"noun"	"B1"
"pływać"	"पविवअच"	"पवइवअच"	"[अर्थ लंबित]"	"[अर्थ प्रलंबित: to float]"	"to float"	"verb"	"B2"
"po"	"पो"	"पओ"	"[अर्थ लंबित]"	"[अर्थ प्रलंबित: after]"	"after"	"noun"	"A1"
"po prostu"	"पो परोसतु"	"पओ परओसतउ"	"[अर्थ लंबित]"	"[अर्थ प्रलंबित: simply]"	"simply"	"noun"	"A2"
"pobić"	"पोबिच"	"पओबइच"	"[अर्थ लंबित]"	"[अर्थ प्रलंबित: to beat]"	"to beat"	"verb"	"A2"
"pocałować"	"पोत्सअवोवअच"	"पओत्सअवओवअच"	"[अर्थ लंबित]"	"[अर्थ प्रलंबित: to kiss]"	"to kiss"	"verb"	"A1"
"pochwała"	"पोखवअवअ"	"पओखवअवअ"	"[अर्थ लंबित]"	"[अर्थ प्रलंबित: praise]"	"praise"	"noun"	"C1"
"pociąg"	"पोचिओंग"	"पओचिओंग"	"[अर्थ लंबित]"	"[अर्थ प्रलंबित: train]"	"train"	"noun"	"A2"
"pocierać"	"पोचिेरअच"	"पओचिएरअच"	"[अर्थ लंबित]"	"[अर्थ प्रलंबित: to rub]"	"to rub"	"verb"	"B1"
"pocisk"	"पोचिसक"	"पओचिसक"	"[अर्थ लंबित]"	"[अर्थ प्रलंबित: bullet]"	"bullet"	"noun"	"C1"
"początek"	"पोचओंतेक"	"पओचओंतएक"	"[अर्थ लंबित]"	"[अर्थ प्रलंबित: beginning]"	"beginning"	"noun"	"B1"
"poczta"	"पोचतअ"	"पओचतअ"	"[अर्थ लंबित]"	"[अर्थ प्रलंबित: mail]"	"mail"	"noun"	"C1"
"pod"	"पोद"	"पओद"	"[अर्थ लंबित]"	"[अर्थ प्रलंबित: under]"	"under"	"noun"	"A1"
"podążać"	"पोदओंझअच"	"पओदओंझअच"	"[अर्थ लंबित]"	"[अर्थ प्रलंबित: to follow]"	"to follow"	"verb"	"A1"
"podbródek"	"पोदबरउदेक"	"पओदबरउदएक"	"[अर्थ लंबित]"	"[अर्थ प्रलंबित: chin]"	"chin"	"noun"	"B1"
"podczas"	"पोदचअस"	"पओदचअस"	"[अर्थ लंबित]"	"[अर्थ प्रलंबित: while]"	"while"	"noun"	"A1"
"podejrzenie"	"पोदेयझेनिे"	"पओदएयझएनिए"	"[अर्थ लंबित]"	"[अर्थ प्रलंबित: suspicion]"	"suspicion"	"noun"	"B2"
"podejrzewać"	"पोदेयझेवअच"	"पओदएयझएवअच"	"[अर्थ लंबित]"	"[अर्थ प्रलंबित: to suspect]"	"to suspect"	"verb"	"B1"
"podejść"	"पोदेयशच"	"पओदएयशच"	"[अर्थ लंबित]"	"[अर्थ प्रलंबित: to approach]"	"to approach"	"noun"	"A2"
"podłoga"	"पोदवोगअ"	"पओदवओगअ"	"[अर्थ लंबित]"	"[अर्थ प्रलंबित: floor]"	"floor"	"noun"	"A1"
"podniecenie"	"पोदनिेत्सेनिे"	"पओदनिएत्सएनिए"	"[अर्थ लंबित]"	"[अर्थ प्रलंबित: excitement]"	"excitement"	"noun"	"B2"
"podniecić"	"पोदनिेचिच"	"पओदनिएचिच"	"[अर्थ लंबित]"	"[अर्थ प्रलंबित: to excite]"	"to excite"	"verb"	"B2"
"podnieść"	"पोदनिेशच"	"पओदनिएशच"	"[अर्थ लंबित]"	"[अर्थ प्रलंबित: to pick]"	"to pick"	"noun"	"A1"
"podnieść się"	"पोदनिेशच शिएं"	"पओदनिएशच शिएं"	"[अर्थ लंबित]"	"[अर्थ प्रलंबित: to rise]"	"to rise"	"noun"	"A1"
"podobnie"	"पोदोबनिे"	"पओदओबनिए"	"[अर्थ लंबित]"	"[अर्थ प्रलंबित: same]"	"same"	"noun"	"A1"
"podobny"	"पोदोबनि"	"पओदओबनइ"	"[अर्थ लंबित]"	"[अर्थ प्रलंबित: similar]"	"similar"	"noun"	"B2"
"podróż"	"पोदरउझ"	"पओदरउझ"	"[अर्थ लंबित]"	"[अर्थ प्रलंबित: journey]"	"journey"	"noun"	"B1"
"podróżować"	"पोदरउझोवअच"	"पओदरउझओवअच"	"[अर्थ लंबित]"	"[अर्थ प्रलंबित: to travel]"	"to travel"	"verb"	"A2"
"podrzucać"	"पोदझुत्सअच"	"पओदझउत्सअच"	"[अर्थ लंबित]"	"[अर्थ प्रलंबित: to toss]"	"to toss"	"verb"	"B1"
"poduszka"	"पोदुशकअ"	"पओदउशकअ"	"[अर्थ लंबित]"	"[अर्थ प्रलंबित: pillow]"	"pillow"	"noun"	"C1"
"podwójnie"	"पोदवउयनिे"	"पओदवउयनिए"	"[अर्थ लंबित]"	"[अर्थ प्रलंबित: double]"	"double"	"noun"	"B1"
"podziękować"	"पोजिएंकोवअच"	"पओजिएंकओवअच"	"[अर्थ लंबित]"	"[अर्थ प्रलंबित: to thank]"	"to thank"	"verb"	"A2"
"podzielić"	"पोजिेलिच"	"पओजिएलइच"	"[अर्थ लंबित]"	"[अर्थ प्रलंबित: to divide]"	"to divide"	"verb"	"C1"
"podziwiać"	"पोजिविअच"	"पओजिवइअच"	"[अर्थ लंबित]"	"[अर्थ प्रलंबित: to admire]"	"to admire"	"verb"	"B2"
"poeta"	"पोेतअ"	"पओएतअ"	"[अर्थ लंबित]"	"[अर्थ प्रलंबित: poet]"	"poet"	"noun"	"B2"
"poezja"	"पोेज़यअ"	"पओएज़यअ"	"[अर्थ लंबित]"	"[अर्थ प्रलंबित: poetry]"	"poetry"	"noun"	"C1"
"pogoda"	"पोगोदअ"	"पओगओदअ"	"[अर्थ लंबित]"	"[अर्थ प्रलंबित: weather]"	"weather"	"noun"	"B1"
"pogrzeb"	"पोगझेब"	"पओगझएब"	"[अर्थ लंबित]"	"[अर्थ प्रलंबित: funeral]"	"funeral"	"noun"	"C1"
"pogrzebać"	"पोगझेबअच"	"पओगझएबअच"	"[अर्थ लंबित]"	"[अर्थ प्रलंबित: to bury]"	"to bury"	"verb"	"B1"
"poinformować"	"पोिनफोरमोवअच"	"पओइनफओरमओवअच"	"[अर्थ लंबित]"	"[अर्थ प्रलंबित: to inform]"	"to inform"	"verb"	"B1"
"pojawić się"	"पोयअविच शिएं"	"पओयअवइच शिएं"	"[अर्थ लंबित]"	"[अर्थ प्रलंबित: to appear]"	"to appear"	"noun"	"A1"
"pojazd"	"पोयअज़द"	"पओयअज़द"	"[अर्थ लंबित]"	"[अर्थ प्रलंबित: vehicle]"	"vehicle"	"noun"	"C1"
"pojęcie"	"पोयएंचिे"	"पओयएंचिए"	"[अर्थ लंबित]"	"[अर्थ प्रलंबित: notion]"	"notion"	"noun"	"C1"
"pojedynczy"	"पोयेदिनचि"	"पओयएदइनचइ"	"[अर्थ लंबित]"	"[अर्थ प्रलंबित: single]"	"single"	"noun"	"A2"
"pokazywać"	"पोकअज़िवअच"	"पओकअज़इवअच"	"[अर्थ लंबित]"	"[अर्थ प्रलंबित: to show]"	"to show"	"verb"	"B2"
"pokład"	"पोकवअद"	"पओकवअद"	"[अर्थ लंबित]"	"[अर्थ प्रलंबित: deck]"	"deck"	"noun"	"B1"
"poklepać"	"पोकलेपअच"	"पओकलएपअच"	"[अर्थ लंबित]"	"[अर्थ प्रलंबित: to pat]"	"to pat"	"verb"	"C1"
"pokój"	"पोकउय"	"पओकउय"	"कमरा"	"खोली"	"peace"	"noun"	"B2"
"pokojówka"	"पोकोयउवकअ"	"पओकओयउवकअ"	"[अर्थ लंबित]"	"[अर्थ प्रलंबित: maid]"	"maid"	"noun"	"B2"
"pół"	"पउव"	"पउव"	"[अर्थ लंबित]"	"[अर्थ प्रलंबित: half]"	"half"	"noun"	"A1"
"połączenie"	"पोवओंचेनिे"	"पओवओंचएनिए"	"[अर्थ लंबित]"	"[अर्थ प्रलंबित: connection]"	"connection"	"noun"	"B2"
"połączyć"	"पोवओंचिच"	"पओवओंचइच"	"[अर्थ लंबित]"	"[अर्थ प्रलंबित: to connect]"	"to connect"	"verb"	"B2"
"pole"	"पोले"	"पओलए"	"[अर्थ लंबित]"	"[अर्थ प्रलंबित: field]"	"field"	"noun"	"A2"
"polegać"	"पोलेगअच"	"पओलएगअच"	"[अर्थ लंबित]"	"[अर्थ प्रलंबित: to depend]"	"to depend"	"verb"	"B2"
"Policja"	"पोलित्सयअ"	"पओलइत्सयअ"	"[अर्थ लंबित]"	"[अर्थ प्रलंबित: police]"	"police"	"noun"	"A2"
"policjant"	"पोलित्सयअनत"	"पओलइत्सयअनत"	"[अर्थ लंबित]"	"[अर्थ प्रलंबित: cop]"	"cop"	"noun"	"B2"
"policzek"	"पोलिचेक"	"पओलइचएक"	"[अर्थ लंबित]"	"[अर्थ प्रलंबित: cheek]"	"cheek"	"noun"	"B2"
"polityczny"	"पोलितिचनि"	"पओलइतइचनइ"	"[अर्थ लंबित]"	"[अर्थ प्रलंबित: political]"	"political"	"noun"	"B1"
"połknąć"	"पोवकनओंच"	"पओवकनओंच"	"[अर्थ लंबित]"	"[अर्थ प्रलंबित: to swallow]"	"to swallow"	"noun"	"B1"
"północ"	"पउवनोत्स"	"पउवनओत्स"	"[अर्थ लंबित]"	"[अर्थ प्रलंबित: north]"	"north"	"noun"	"B1"
"polować"	"पोलोवअच"	"पओलओवअच"	"[अर्थ लंबित]"	"[अर्थ प्रलंबित: to hunt]"	"to hunt"	"verb"	"B2"
"położyć"	"पोवोझिच"	"पओवओझइच"	"[अर्थ लंबित]"	"[अर्थ प्रलंबित: to put]"	"to put"	"verb"	"A1"
"południe"	"पोवुदनिे"	"पओवउदनिए"	"दोपहर"	"दुपार"	"south"	"noun"	"B2"
"pomarańczowy"	"पोमअरअञचोवि"	"पओमअरअञचओवइ"	"[अर्थ लंबित]"	"[अर्थ प्रलंबित]"	""	"noun"	"B2"
"pomiędzy"	"पोमिएंजि"	"पओमइएंजइ"	"[अर्थ लंबित]"	"[अर्थ प्रलंबित: between]"	"between"	"noun"	"A1"
"pomoc"	"पोमोत्स"	"पओमओत्स"	"[अर्थ लंबित]"	"[अर्थ प्रलंबित: aid]"	"aid"	"noun"	"B2"
"pomóc"	"पोमउत्स"	"पओमउत्स"	"[अर्थ लंबित]"	"[अर्थ प्रलंबित: to help]"	"to help"	"noun"	"A1"
"pomysł"	"पोमिसव"	"पओमइसव"	"[अर्थ लंबित]"	"[अर्थ प्रलंबित: idea]"	"idea"	"noun"	"A1"
"poniedziałek"	"पोनिेजिअवेक"	"पोन्येज़्यावेक"	"सोमवार"	"सोमवार"	""	"noun"	"B2"
"poniżej"	"पोनिझेय"	"पओनिझएय"	"[अर्थ लंबित]"	"[अर्थ प्रलंबित: below]"	"below"	"noun"	"A2"
"pop"	"पोप"	"पओप"	"[अर्थ लंबित]"	"[अर्थ प्रलंबित: to pop]"	"to pop"	"noun"	"C1"
"popijać"	"पोपियअच"	"पओपइयअच"	"[अर्थ लंबित]"	"[अर्थ प्रलंबित: to sip]"	"to sip"	"verb"	"B2"
"popołudnie"	"पोपोवुदनिे"	"पओपओवउदनिए"	"[अर्थ लंबित]"	"[अर्थ प्रलंबित: afternoon]"	"afternoon"	"noun"	"A2"
"poprawny"	"पोपरअवनि"	"पओपरअवनइ"	"[अर्थ लंबित]"	"[अर्थ प्रलंबित: correct]"	"correct"	"noun"	"B2"
"poprzedni"	"पोपझेदनि"	"पओपझएदनि"	"[अर्थ लंबित]"	"[अर्थ प्रलंबित: former]"	"former"	"noun"	"B1"
"popularny"	"पोपुलअरनि"	"पओपउलअरनइ"	"[अर्थ लंबित]"	"[अर्थ प्रलंबित: popular]"	"popular"	"noun"	"B2"
"popychać"	"पोपिखअच"	"पओपइखअच"	"[अर्थ लंबित]"	"[अर्थ प्रलंबित: to push]"	"to push"	"verb"	"A1"
"pora"	"पोरअ"	"पओरअ"	"[अर्थ लंबित]"	"[अर्थ प्रलंबित]"	""	"noun"	"B2"
"porównać"	"पोरउवनअच"	"पओरउवनअच"	"[अर्थ लंबित]"	"[अर्थ प्रलंबित: to compare]"	"to compare"	"verb"	"B2"
"portmonetka"	"पोरतमोनेतकअ"	"पओरतमओनएतकअ"	"[अर्थ लंबित]"	"[अर्थ प्रलंबित: purse]"	"purse"	"noun"	"C1"
"porzucić"	"पोझुचिच"	"पओझउचिच"	"[अर्थ लंबित]"	"[अर्थ प्रलंबित: to abandon]"	"to abandon"	"verb"	"B2"
"poście"	"पोशचिे"	"पओशचिए"	"[अर्थ लंबित]"	"[अर्थ प्रलंबित]"	""	"noun"	"B2"
"posiadać"	"पोशिअदअच"	"पओशिअदअच"	"[अर्थ लंबित]"	"[अर्थ प्रलंबित: own]"	"own"	"verb"	"A1"
"posiadanie"	"पोशिअदअनिे"	"पओशिअदअनिए"	"[अर्थ लंबित]"	"[अर्थ प्रलंबित: possession]"	"possession"	"noun"	"B2"
"posiłek"	"पोशिवेक"	"पओशिवएक"	"[अर्थ लंबित]"	"[अर्थ प्रलंबित: meal]"	"meal"	"noun"	"B1"
"pośliznąć"	"पोशलिज़नओंच"	"पओशलइज़नओंच"	"[अर्थ लंबित]"	"[अर्थ प्रलंबित: to slip]"	"to slip"	"noun"	"A2"
"poślubić"	"पोशलुबिच"	"पओशलउबइच"	"[अर्थ लंबित]"	"[अर्थ प्रलंबित: to marry]"	"to marry"	"verb"	"A1"
"pospolity"	"पोसपोलिति"	"पओसपओलइतइ"	"[अर्थ लंबित]"	"[अर्थ प्रलंबित: common]"	"common"	"noun"	"A2"
"pośród"	"पोशरउद"	"पओशरउद"	"[अर्थ लंबित]"	"[अर्थ प्रलंबित: among]"	"among"	"noun"	"A1"
"postać"	"पोसतअच"	"पओसतअच"	"[अर्थ लंबित]"	"[अर्थ प्रलंबित: figure]"	"figure"	"verb"	"A1"
"postawa"	"पोसतअवअ"	"पओसतअवअ"	"[अर्थ लंबित]"	"[अर्थ प्रलंबित: attitude]"	"attitude"	"noun"	"B2"
"postawić"	"पोसतअविच"	"पओसतअवइच"	"[अर्थ लंबित]"	"[अर्थ प्रलंबित: to bet]"	"to bet"	"verb"	"B2"
"postęp"	"पोसतएंप"	"पओसतएंप"	"[अर्थ लंबित]"	"[अर्थ प्रलंबित: progress]"	"progress"	"noun"	"B2"
"postrzegać"	"पोसतझेगअच"	"पओसतझएगअच"	"[अर्थ लंबित]"	"[अर्थ प्रलंबित: to perceive]"	"to perceive"	"verb"	"C1"
"posuwać się naprzód"	"पोसुवअच शिएं नअपझउद"	"पओसउवअच शिएं नअपझउद"	"[अर्थ लंबित]"	"[अर्थ प्रलंबित: to advance]"	"to advance"	"noun"	"B1"
"Poszanowanie"	"पोशअनोवअनिे"	"पओशअनओवअनिए"	"[अर्थ लंबित]"	"[अर्थ प्रलंबित: respect]"	"respect"	"noun"	"A2"
"pot"	"पोत"	"पओत"	"[अर्थ लंबित]"	"[अर्थ प्रलंबित: sweat]"	"sweat"	"noun"	"B2"
"potem"	"पोतेम"	"पओतएम"	"[अर्थ लंबित]"	"[अर्थ प्रलंबित: afterwards]"	"afterwards"	"noun"	"B2"
"potężny"	"पोतएंझनि"	"पओतएंझनइ"	"[अर्थ लंबित]"	"[अर्थ प्रलंबित: powerful]"	"powerful"	"noun"	"B1"
"potrzebować"	"पोतझेबोवअच"	"पओतझएबओवअच"	"[अर्थ लंबित]"	"[अर्थ प्रलंबित: to need]"	"to need"	"verb"	"A1"
"potwierdzić"	"पोतविेरजिच"	"पओतवइएरजिच"	"[अर्थ लंबित]"	"[अर्थ प्रलंबित: to acknowledge]"	"to acknowledge"	"verb"	"C1"
"poważnie"	"पोवअझनिे"	"पओवअझनिए"	"[अर्थ लंबित]"	"[अर्थ प्रलंबित: seriously]"	"seriously"	"noun"	"B2"
"poważny"	"पोवअझनि"	"पओवअझनइ"	"[अर्थ लंबित]"	"[अर्थ प्रलंबित: serious]"	"serious"	"noun"	"A2"
"powiązanie"	"पोविओंज़अनिे"	"पओवइओंज़अनिए"	"[अर्थ लंबित]"	"[अर्थ प्रलंबित: link]"	"link"	"noun"	"C1"
"powiedzieć"	"पोविेजिेच"	"पओवइएजिएच"	"कहना"	"म्हणणे"	"to say"	"verb"	"B2"
"powierzchnia"	"पोविेझखनिअ"	"पओवइएझखनिअ"	"[अर्थ लंबित]"	"[अर्थ प्रलंबित: area]"	"area"	"noun"	"A2"
"powieść"	"पोविेशच"	"पओवइएशच"	"[अर्थ लंबित]"	"[अर्थ प्रलंबित: Roman]"	"Roman"	"noun"	"B2"
"powietrze"	"पोविेतझे"	"पओवइएतझए"	"[अर्थ लंबित]"	"[अर्थ प्रलंबित: air]"	"air"	"noun"	"A1"
"powinien"	"पोविनिेन"	"पओवइनिएन"	"[अर्थ लंबित]"	"[अर्थ प्रलंबित: should]"	"should"	"noun"	"A1"
"powłoka"	"पोववोकअ"	"पओववओकअ"	"[अर्थ लंबित]"	"[अर्थ प्रलंबित: shell]"	"shell"	"noun"	"C1"
"powód"	"पोवउद"	"पओवउद"	"[अर्थ लंबित]"	"[अर्थ प्रलंबित: reason]"	"reason"	"noun"	"A1"
"powodować"	"पोवोदोवअच"	"पओवओदओवअच"	"[अर्थ लंबित]"	"[अर्थ प्रलंबित: to cause]"	"to cause"	"verb"	"A1"
"powódź"	"पोवउजि"	"पओवउजि"	"[अर्थ लंबित]"	"[अर्थ प्रलंबित: flood]"	"flood"	"noun"	"C1"
"powoli"	"पोवोलि"	"पओवओलइ"	"[अर्थ लंबित]"	"[अर्थ प्रलंबित: slowly]"	"slowly"	"noun"	"A1"
"powolny"	"पोवोलनि"	"पओवओलनइ"	"[अर्थ लंबित]"	"[अर्थ प्रलंबित: slow]"	"slow"	"noun"	"A2"
"powstać"	"पोवसतअच"	"पओवसतअच"	"[अर्थ लंबित]"	"[अर्थ प्रलंबित: to arise]"	"to arise"	"verb"	"B2"
"powtarzać"	"पोवतअझअच"	"पओवतअझअच"	"[अर्थ लंबित]"	"[अर्थ प्रलंबित: to repeat]"	"to repeat"	"verb"	"A2"
"powyżej"	"पोविझेय"	"पओवइझएय"	"[अर्थ लंबित]"	"[अर्थ प्रलंबित: above]"	"above"	"noun"	"A1"
"poza"	"पोज़अ"	"पओज़अ"	"[अर्थ लंबित]"	"[अर्थ प्रलंबित: off]"	"off"	"noun"	"A1"
"pozdrawiać"	"पोज़दरअविअच"	"पओज़दरअवइअच"	"[अर्थ लंबित]"	"[अर्थ प्रलंबित: to greet]"	"to greet"	"verb"	"B2"
"poziom"	"पोज़िोम"	"पओज़िओम"	"[अर्थ लंबित]"	"[अर्थ प्रलंबित: level]"	"level"	"noun"	"A2"
"późno"	"पउज़नो"	"पउज़नओ"	"[अर्थ लंबित]"	"[अर्थ प्रलंबित: late]"	"late"	"noun"	"A1"
"pozostać"	"पोज़ोसतअच"	"पओज़ओसतअच"	"[अर्थ लंबित]"	"[अर्थ प्रलंबित: to remain]"	"to remain"	"verb"	"A1"
"pozwolić"	"पोज़वोलिच"	"पओज़वओलइच"	"[अर्थ लंबित]"	"[अर्थ प्रलंबित: to let]"	"to let"	"verb"	"A1"
"pozwolić sobie"	"पोज़वोलिच सोबिे"	"पओज़वओलइच सओबइए"	"[अर्थ लंबित]"	"[अर्थ प्रलंबित: to afford]"	"to afford"	"noun"	"B2"
"pozycja"	"पोज़ित्सयअ"	"पओज़इत्सयअ"	"[अर्थ लंबित]"	"[अर्थ प्रलंबित: position]"	"position"	"noun"	"A2"
"praca"	"परअत्सअ"	"परअत्सअ"	"[अर्थ लंबित]"	"[अर्थ प्रलंबित: job]"	"job"	"noun"	"A2"
"pracować"	"परअत्सोवअच"	"परअत्सओवअच"	"काम करना"	"काम करणे"	"to work"	"verb"	"B2"
"pracownik"	"परअत्सोवनिक"	"परअत्सओवनिक"	"[अर्थ लंबित]"	"[अर्थ प्रलंबित: worker]"	"worker"	"noun"	"B2"
"prąd"	"परओंद"	"परओंद"	"[अर्थ लंबित]"	"[अर्थ प्रलंबित: current]"	"current"	"noun"	"B2"
"pragnienie"	"परअगनिेनिे"	"परअगनिएनिए"	"[अर्थ लंबित]"	"[अर्थ प्रलंबित: desire]"	"desire"	"noun"	"A2"
"praktyka"	"परअकतिकअ"	"परअकतइकअ"	"[अर्थ लंबित]"	"[अर्थ प्रलंबित: practice]"	"practice"	"noun"	"B1"
"prawda"	"परअवदअ"	"परअवदअ"	"[अर्थ लंबित]"	"[अर्थ प्रलंबित: truth]"	"truth"	"noun"	"A1"
"prawdopodobne"	"परअवदोपोदोबने"	"परअवदओपओदओबनए"	"[अर्थ लंबित]"	"[अर्थ प्रलंबित: likely]"	"likely"	"noun"	"A2"
"prawdopodobnie"	"परअवदोपोदोबनिे"	"परअवदओपओदओबनिए"	"[अर्थ लंबित]"	"[अर्थ प्रलंबित: probably]"	"probably"	"noun"	"A1"
"prawdziwe"	"परअवजिवे"	"परअवजिवए"	"[अर्थ लंबित]"	"[अर्थ प्रलंबित: True]"	"True"	"noun"	"A1"
"prawie"	"परअविे"	"परअवइए"	"[अर्थ लंबित]"	"[अर्थ प्रलंबित: almost]"	"almost"	"noun"	"A1"
"prawnik"	"परअवनिक"	"परअवनिक"	"[अर्थ लंबित]"	"[अर्थ प्रलंबित: lawyer]"	"lawyer"	"noun"	"B1"
"prawny"	"परअवनि"	"परअवनइ"	"[अर्थ लंबित]"	"[अर्थ प्रलंबित: legal]"	"legal"	"noun"	"C1"
"prawo"	"परअवो"	"परअवओ"	"[अर्थ लंबित]"	"[अर्थ प्रलंबित: wet]"	"wet"	"noun"	"B1"
"prędkość"	"परएंदकोशच"	"परएंदकओशच"	"[अर्थ लंबित]"	"[अर्थ प्रलंबित: speed]"	"speed"	"noun"	"B1"
"prezent"	"परेज़ेनत"	"परएज़एनत"	"[अर्थ लंबित]"	"[अर्थ प्रलंबित: gift]"	"gift"	"noun"	"B1"
"próba"	"परउबअ"	"परउबअ"	"[अर्थ लंबित]"	"[अर्थ प्रलंबित: attempt]"	"attempt"	"noun"	"A2"
"problem"	"परोबलेम"	"परओबलएम"	"[अर्थ लंबित]"	"[अर्थ प्रलंबित: issue]"	"issue"	"noun"	"B1"
"próbować"	"परउबोवअच"	"परउबओवअच"	"[अर्थ लंबित]"	"[अर्थ प्रलंबित: to try]"	"to try"	"verb"	"A1"
"proces"	"परोत्सेस"	"परओत्सएस"	"[अर्थ लंबित]"	"[अर्थ प्रलंबित: process]"	"process"	"noun"	"B1"
"produkować"	"परोदुकोवअच"	"परओदउकओवअच"	"[अर्थ लंबित]"	"[अर्थ प्रलंबित: to produce]"	"to produce"	"verb"	"A2"
"profesjonalny"	"परोफेसयोनअलनि"	"परओफएसयओनअलनइ"	"[अर्थ लंबित]"	"[अर्थ प्रलंबित: professional]"	"professional"	"noun"	"C1"
"projekt"	"परोयेकत"	"परओयएकत"	"[अर्थ लंबित]"	"[अर्थ प्रलंबित: design]"	"design"	"noun"	"B1"
"prośba"	"परोशबअ"	"परओशबअ"	"[अर्थ लंबित]"	"[अर्थ प्रलंबित: request]"	"request"	"noun"	"B1"
"prosto"	"परोसतो"	"परओसतओ"	"[अर्थ लंबित]"	"[अर्थ प्रलंबित: straight]"	"straight"	"noun"	"A2"
"prosty"	"परोसति"	"परओसतइ"	"[अर्थ लंबित]"	"[अर्थ प्रलंबित: simple]"	"simple"	"noun"	"A2"
"proszę"	"परोशएं"	"परओशएं"	"[अर्थ लंबित]"	"[अर्थ प्रलंबित: to please]"	"to please"	"noun"	"A1"
"protestować"	"परोतेसतोवअच"	"परओतएसतओवअच"	"[अर्थ लंबित]"	"[अर्थ प्रलंबित: to protest]"	"to protest"	"verb"	"B1"
"prowadzić"	"परोवअजिच"	"परओवअजिच"	"[अर्थ लंबित]"	"[अर्थ प्रलंबित: to lead]"	"to lead"	"verb"	"A1"
"prysznic"	"परिशनित्स"	"परइशनित्स"	"[अर्थ लंबित]"	"[अर्थ प्रलंबित: shower]"	"shower"	"noun"	"B2"
"prywatny"	"परिवअतनि"	"परइवअतनइ"	"[अर्थ लंबित]"	"[अर्थ प्रलंबित: private]"	"private"	"noun"	"A2"
"przeciągać"	"पझेचिओंगअच"	"पझएचिओंगअच"	"[अर्थ लंबित]"	"[अर्थ प्रलंबित: to drag]"	"to drag"	"verb"	"B1"
"przeciwko"	"पझेचिवको"	"पझएचिवकओ"	"[अर्थ लंबित]"	"[अर्थ प्रलंबित: against]"	"against"	"noun"	"A1"
"przeciwnie"	"पझेचिवनिे"	"पझएचिवनिए"	"[अर्थ लंबित]"	"[अर्थ प्रलंबित: opposite]"	"opposite"	"noun"	"B1"
"przed"	"पझेद"	"पझएद"	"[अर्थ लंबित]"	"[अर्थ प्रलंबित: before]"	"before"	"noun"	"A1"
"przed siebie"	"पझेद शिेबिे"	"पझएद शिएबइए"	"[अर्थ लंबित]"	"[अर्थ प्रलंबित: ahead]"	"ahead"	"noun"	"A2"
"Przedmiot"	"पझेदमिोत"	"पझएदमइओत"	"[अर्थ लंबित]"	"[अर्थ प्रलंबित: subject]"	"subject"	"noun"	"A2"
"przegapić"	"पझेगअपिच"	"पझएगअपइच"	"[अर्थ लंबित]"	"[अर्थ प्रलंबित: to miss]"	"to miss"	"verb"	"A2"
"przegrać"	"पझेगरअच"	"पझएगरअच"	"[अर्थ लंबित]"	"[अर्थ प्रलंबित: to lose]"	"to lose"	"verb"	"A1"
"przejście"	"पझेयशचिे"	"पझएयशचिए"	"[अर्थ लंबित]"	"[अर्थ प्रलंबित: passage]"	"passage"	"noun"	"B1"
"przeklinać"	"पझेकलिनअच"	"पझएकलइनअच"	"[अर्थ लंबित]"	"[अर्थ प्रलंबित: to curse]"	"to curse"	"verb"	"B2"
"przekonać"	"पझेकोनअच"	"पझएकओनअच"	"[अर्थ लंबित]"	"[अर्थ प्रलंबित: to convince]"	"to convince"	"verb"	"B1"
"przełączać"	"पझेवओंचअच"	"पझएवओंचअच"	"[अर्थ लंबित]"	"[अर्थ प्रलंबित: to switch]"	"to switch"	"verb"	"C1"
"przemoc"	"पझेमोत्स"	"पझएमओत्स"	"[अर्थ लंबित]"	"[अर्थ प्रलंबित: violence]"	"violence"	"noun"	"C1"
"przenieść"	"पझेनिेशच"	"पझएनिएशच"	"[अर्थ लंबित]"	"[अर्थ प्रलंबित: to move]"	"to move"	"noun"	"A1"
"Przepraszam"	"पझेपरअशअम"	"पझएपरअशअम"	"[अर्थ लंबित]"	"[अर्थ प्रलंबित: sorry]"	"sorry"	"noun"	"A2"
"przerażenie"	"पझेरअझेनिे"	"पझएरअझएनिए"	"[अर्थ लंबित]"	"[अर्थ प्रलंबित: horror]"	"horror"	"noun"	"B2"
"przerwać"	"पझेरवअच"	"पझएरवअच"	"[अर्थ लंबित]"	"[अर्थ प्रलंबित: to interrupt]"	"to interrupt"	"verb"	"B1"
"przestać"	"पझेसतअच"	"पझएसतअच"	"[अर्थ लंबित]"	"[अर्थ प्रलंबित: to cease]"	"to cease"	"verb"	"B2"
"przestępca"	"पझेसतएंपत्सअ"	"पझएसतएंपत्सअ"	"[अर्थ लंबित]"	"[अर्थ प्रलंबित: criminal]"	"criminal"	"noun"	"C1"
"przestępstwo"	"पझेसतएंपसतवो"	"पझएसतएंपसतवओ"	"[अर्थ लंबित]"	"[अर्थ प्रलंबित: crime]"	"crime"	"noun"	"B1"
"przestraszony"	"पझेसतरअशोनि"	"पझएसतरअशओनइ"	"[अर्थ लंबित]"	"[अर्थ प्रलंबित: afraid]"	"afraid"	"noun"	"A2"
"przestraszyć"	"पझेसतरअशिच"	"पझएसतरअशइच"	"[अर्थ लंबित]"	"[अर्थ प्रलंबित: to scare]"	"to scare"	"verb"	"B2"
"przestraszyć się"	"पझेसतरअशिच शिएं"	"पझएसतरअशइच शिएं"	"[अर्थ लंबित]"	"[अर्थ प्रलंबित: to frighten]"	"to frighten"	"noun"	"B2"
"przestrzeń"	"पझेसतझेञ"	"पझएसतझएञ"	"[अर्थ लंबित]"	"[अर्थ प्रलंबित: space]"	"space"	"noun"	"A2"
"przesunąć"	"पझेसुनओंच"	"पझएसउनओंच"	"[अर्थ लंबित]"	"[अर्थ प्रलंबित: to shift]"	"to shift"	"noun"	"B1"
"przesuwać"	"पझेसुवअच"	"पझएसउवअच"	"[अर्थ लंबित]"	"[अर्थ प्रलंबित: to slide]"	"to slide"	"verb"	"A2"
"przeszkadzać"	"पझेशकअजअच"	"पझएशकअजअच"	"[अर्थ लंबित]"	"[अर्थ प्रलंबित: to bother]"	"to bother"	"verb"	"B1"
"przeszłość"	"पझेशवोशच"	"पझएशवओशच"	"[अर्थ लंबित]"	"[अर्थ प्रलंबित: past]"	"past"	"noun"	"A1"
"przetrwać"	"पझेतरवअच"	"पझएतरवअच"	"[अर्थ लंबित]"	"[अर्थ प्रलंबित: to survive]"	"to survive"	"verb"	"B2"
"przewaga"	"पझेवअगअ"	"पझएवअगअ"	"[अर्थ लंबित]"	"[अर्थ प्रलंबित: advantage]"	"advantage"	"noun"	"B2"
"przewóz"	"पझेवउज़"	"पझएवउज़"	"[अर्थ लंबित]"	"[अर्थ प्रलंबित: carriage]"	"carriage"	"noun"	"B2"
"przez"	"पझेज़"	"पझएज़"	"[अर्थ लंबित]"	"[अर्थ प्रलंबित: by]"	"by"	"noun"	"A1"
"przybyć"	"पझिबिच"	"पझइबइच"	"[अर्थ लंबित]"	"[अर्थ प्रलंबित: to arrive]"	"to arrive"	"verb"	"A1"
"przychodzić"	"पझिखोजिच"	"पझइखओजिच"	"[अर्थ लंबित]"	"[अर्थ प्रलंबित]"	""	"verb"	"B2"
"przyciągać"	"पझिचिओंगअच"	"पझइचिओंगअच"	"[अर्थ लंबित]"	"[अर्थ प्रलंबित: to attract]"	"to attract"	"verb"	"C1"
"przycisk"	"पझिचिसक"	"पझइचिसक"	"[अर्थ लंबित]"	"[अर्थ प्रलंबित: button]"	"button"	"noun"	"B2"
"przygasać"	"पझिगअसअच"	"पझइगअसअच"	"[अर्थ लंबित]"	"[अर्थ प्रलंबित: dim]"	"dim"	"verb"	"C1"
"przygoda"	"पझिगोदअ"	"पझइगओदअ"	"[अर्थ लंबित]"	"[अर्थ प्रलंबित: adventure]"	"adventure"	"noun"	"B2"
"przygotować"	"पझिगोतोवअच"	"पझइगओतओवअच"	"[अर्थ लंबित]"	"[अर्थ प्रलंबित: to prepare]"	"to prepare"	"verb"	"A2"
"przyjaciel"	"पझियअचिेल"	"पझइयअचिएल"	"दोस्त"	"मित्र"	"friend"	"noun"	"B2"
"przyjazd"	"पझियअज़द"	"पझइयअज़द"	"[अर्थ लंबित]"	"[अर्थ प्रलंबित: arrival]"	"arrival"	"noun"	"B2"
"przyjaźń"	"पझियअज़ञ"	"पझइयअज़ञ"	"[अर्थ लंबित]"	"[अर्थ प्रलंबित: friendship]"	"friendship"	"noun"	"B2"
"przyjazny"	"पझियअज़नि"	"पझइयअज़नइ"	"[अर्थ लंबित]"	"[अर्थ प्रलंबित: friendly]"	"friendly"	"noun"	"B2"
"przyjęcie"	"पझियएंचिे"	"पझइयएंचिए"	"[अर्थ लंबित]"	"[अर्थ प्रलंबित: party]"	"party"	"noun"	"A2"
"przyjemnie"	"पझियेमनिे"	"पझइयएमनिए"	"[अर्थ लंबित]"	"[अर्थ प्रलंबित: pleasant]"	"pleasant"	"noun"	"B1"
"przyjemność"	"पझियेमनोशच"	"पझइयएमनओशच"	"[अर्थ लंबित]"	"[अर्थ प्रलंबित: pleasure]"	"pleasure"	"noun"	"A2"
"przyjść"	"पझियशच"	"पझइयशच"	"[अर्थ लंबित]"	"[अर्थ प्रलंबित: to come]"	"to come"	"noun"	"A1"
"przykład"	"पझिकवअद"	"पझइकवअद"	"[अर्थ लंबित]"	"[अर्थ प्रलंबित: example]"	"example"	"noun"	"A2"
"przyklejać"	"पझिकलेयअच"	"पझइकलएयअच"	"[अर्थ लंबित]"	"[अर्थ प्रलंबित: to stick]"	"to stick"	"verb"	"A2"
"przylgnąć"	"पझिलगनओंच"	"पझइलगनओंच"	"[अर्थ लंबित]"	"[अर्थ प्रलंबित: to cling]"	"to cling"	"noun"	"B2"
"przynieść"	"पझिनिेशच"	"पझइनिएशच"	"[अर्थ लंबित]"	"[अर्थ प्रलंबित: to bring]"	"to bring"	"noun"	"A1"
"przynosić"	"पझिनोशिच"	"पझइनओशिच"	"[अर्थ लंबित]"	"[अर्थ प्रलंबित]"	""	"verb"	"B2"
"przypiąć"	"पझिपिओंच"	"पझइपइओंच"	"[अर्थ लंबित]"	"[अर्थ प्रलंबित: to pin]"	"to pin"	"noun"	"C1"
"przypomnieć"	"पझिपोमनिेच"	"पझइपओमनिएच"	"[अर्थ लंबित]"	"[अर्थ प्रलंबित: to remind]"	"to remind"	"verb"	"A2"
"przypuszczać"	"पझिपुश्चअच"	"पझइपउश्चअच"	"[अर्थ लंबित]"	"[अर्थ प्रलंबित: to suppose]"	"to suppose"	"verb"	"A1"
"przysięgać"	"पझिशिएंगअच"	"पझइशिएंगअच"	"[अर्थ लंबित]"	"[अर्थ प्रलंबित: to swear]"	"to swear"	"verb"	"B1"
"przystojny"	"पझिसतोयनि"	"पझइसतओयनइ"	"[अर्थ लंबित]"	"[अर्थ प्रलंबित: handsome]"	"handsome"	"noun"	"B1"
"przyszłość"	"पझिशवोशच"	"पझइशवओशच"	"[अर्थ लंबित]"	"[अर्थ प्रलंबित: future]"	"future"	"noun"	"A2"
"przytulić"	"पझितुलिच"	"पझइतउलइच"	"[अर्थ लंबित]"	"[अर्थ प्रलंबित: to hug]"	"to hug"	"verb"	"B2"
"przywódca"	"पझिवउदत्सअ"	"पझइवउदत्सअ"	"[अर्थ लंबित]"	"[अर्थ प्रलंबित: leader]"	"leader"	"noun"	"B1"
"przyznać"	"पझिज़नअच"	"पझइज़नअच"	"[अर्थ लंबित]"	"[अर्थ प्रलंबित: to admit]"	"to admit"	"verb"	"A2"
"przyznać się"	"पझिज़नअच शिएं"	"पझइज़नअच शिएं"	"[अर्थ लंबित]"	"[अर्थ प्रलंबित: to confess]"	"to confess"	"noun"	"B2"
"pstryknąć"	"पसतरिकनओंच"	"पसतरइकनओंच"	"[अर्थ लंबित]"	"[अर्थ प्रलंबित: to snap]"	"to snap"	"noun"	"B1"
"pszczoła"	"पश्चोवअ"	"पश्चओवअ"	"[अर्थ लंबित]"	"[अर्थ प्रलंबित]"	""	"noun"	"B2"
"ptak"	"पतअक"	"पतअक"	"[अर्थ लंबित]"	"[अर्थ प्रलंबित: bird]"	"bird"	"noun"	"B2"
"publiczność"	"पुबलिचनोशच"	"पउबलइचनओशच"	"[अर्थ लंबित]"	"[अर्थ प्रलंबित: audience]"	"audience"	"noun"	"B2"
"publiczny"	"पुबलिचनि"	"पउबलइचनइ"	"[अर्थ लंबित]"	"[अर्थ प्रलंबित: public]"	"public"	"noun"	"A2"
"Puchar"	"पुखअर"	"पउखअर"	"[अर्थ लंबित]"	"[अर्थ प्रलंबित: cup]"	"cup"	"noun"	"A2"
"puchnąć"	"पुखनओंच"	"पउखनओंच"	"[अर्थ लंबित]"	"[अर्थ प्रलंबित: to swell]"	"to swell"	"noun"	"B2"
"pudełka"	"पुदेवकअ"	"पउदएवकअ"	"[अर्थ लंबित]"	"[अर्थ प्रलंबित: dozen]"	"dozen"	"noun"	"B1"
"pudełko"	"पुदेवको"	"पउदएवकओ"	"[अर्थ लंबित]"	"[अर्थ प्रलंबित: box]"	"box"	"noun"	"A2"
"pułapka"	"पुवअपकअ"	"पउवअपकअ"	"[अर्थ लंबित]"	"[अर्थ प्रलंबित: trap]"	"trap"	"noun"	"B2"
"punkt"	"पुनकत"	"पउनकत"	"[अर्थ लंबित]"	"[अर्थ प्रलंबित: point]"	"point"	"noun"	"A1"
"pusty"	"पुसति"	"पउसतइ"	"[अर्थ लंबित]"	"[अर्थ प्रलंबित: empty]"	"empty"	"noun"	"A2"
"pustynia"	"पुसतिनिअ"	"पउसतइनिअ"	"[अर्थ लंबित]"	"[अर्थ प्रलंबित: desert]"	"desert"	"noun"	"B1"
"pytanie"	"पितअनिे"	"पइतअनिए"	"[अर्थ लंबित]"	"[अर्थ प्रलंबित: question]"	"question"	"noun"	"A1"
"rabunek"	"रअबुनेक"	"रअबउनएक"	"[अर्थ लंबित]"	"[अर्थ प्रलंबित: roof]"	"roof"	"noun"	"B1"
"rachunek"	"रअखुनेक"	"रअखउनएक"	"[अर्थ लंबित]"	"[अर्थ प्रलंबित: bill]"	"bill"	"noun"	"B2"
"raczej"	"रअचेय"	"रअचएय"	"[अर्थ लंबित]"	"[अर्थ प्रलंबित: rather]"	"rather"	"noun"	"A1"
"rada"	"रअदअ"	"रअदअ"	"[अर्थ लंबित]"	"[अर्थ प्रलंबित: advice]"	"advice"	"noun"	"B2"
"radość"	"रअदोशच"	"रअदओशच"	"[अर्थ लंबित]"	"[अर्थ प्रलंबित: joy]"	"joy"	"noun"	"B1"
"ramię"	"रअमिएं"	"रअमइएं"	"[अर्थ लंबित]"	"[अर्थ प्रलंबित: arm]"	"arm"	"noun"	"B2"
"ramiona"	"रअमिोनअ"	"रअमइओनअ"	"[अर्थ लंबित]"	"[अर्थ प्रलंबित]"	""	"noun"	"B2"
"ramka"	"रअमकअ"	"रअमकअ"	"[अर्थ लंबित]"	"[अर्थ प्रलंबित: frame]"	"frame"	"noun"	"B1"
"rana"	"रअनअ"	"रअनअ"	"[अर्थ लंबित]"	"[अर्थ प्रलंबित: wound]"	"wound"	"noun"	"A2"
"ranek"	"रअनेक"	"रअनएक"	"[अर्थ लंबित]"	"[अर्थ प्रलंबित: morning]"	"morning"	"noun"	"A1"
"ranga"	"रअनगअ"	"रअनगअ"	"[अर्थ लंबित]"	"[अर्थ प्रलंबित: rank]"	"rank"	"noun"	"B2"
"ranić"	"रअनिच"	"रअनिच"	"[अर्थ लंबित]"	"[अर्थ प्रलंबित: to hurt]"	"to hurt"	"verb"	"A2"
"rano"	"रअनो"	"रअनओ"	"सुबह"	"सकाळ"	""	"noun"	"B2"
"raport"	"रअपोरत"	"रअपओरत"	"[अर्थ लंबित]"	"[अर्थ प्रलंबित: report]"	"report"	"noun"	"A2"
"razem"	"रअज़ेम"	"रअज़एम"	"[अर्थ लंबित]"	"[अर्थ प्रलंबित: together]"	"together"	"noun"	"A1"
"reakcja"	"रेअकत्सयअ"	"रएअकत्सयअ"	"[अर्थ लंबित]"	"[अर्थ प्रलंबित: reaction]"	"reaction"	"noun"	"B2"
"realizować"	"रेअलिज़ोवअच"	"रएअलइज़ओवअच"	"[अर्थ लंबित]"	"[अर्थ प्रलंबित: to pursue]"	"to pursue"	"verb"	"B2"
"reguła"	"रेगुवअ"	"रएगउवअ"	"[अर्थ लंबित]"	"[अर्थ प्रलंबित: rule]"	"rule"	"noun"	"A2"
"regularny"	"रेगुलअरनि"	"रएगउलअरनइ"	"[अर्थ लंबित]"	"[अर्थ प्रलंबित: regular]"	"regular"	"noun"	"B2"
"ręka"	"रएंकअ"	"रएंकअ"	"[अर्थ लंबित]"	"[अर्थ प्रलंबित]"	""	"noun"	"B2"
"rekord"	"रेकोरद"	"रएकओरद"	"[अर्थ लंबित]"	"[अर्थ प्रलंबित: record]"	"record"	"noun"	"A2"
"relacja"	"रेलअत्सयअ"	"रएलअत्सयअ"	"[अर्थ लंबित]"	"[अर्थ प्रलंबित: relation]"	"relation"	"noun"	"B1"
"religia"	"रेलिगिअ"	"रएलइगइअ"	"[अर्थ लंबित]"	"[अर्थ प्रलंबित: religion]"	"religion"	"noun"	"B2"
"religijny"	"रेलिगियनि"	"रएलइगइयनइ"	"[अर्थ लंबित]"	"[अर्थ प्रलंबित: religious]"	"religious"	"noun"	"B2"
"reprezentować"	"रेपरेज़ेनतोवअच"	"रएपरएज़एनतओवअच"	"[अर्थ लंबित]"	"[अर्थ प्रलंबित: to represent]"	"to represent"	"verb"	"B1"
"restauracja"	"रेसतअुरअत्सयअ"	"रएसतअउरअत्सयअ"	"रेस्तरां"	"रेस्तरां"	"restaurant"	"noun"	"B2"
"reszta"	"रेशतअ"	"रएशतअ"	"[अर्थ लंबित]"	"[अर्थ प्रलंबित: rest]"	"rest"	"noun"	"A1"
"robak"	"रोबअक"	"रओबअक"	"[अर्थ लंबित]"	"[अर्थ प्रलंबित]"	""	"noun"	"B2"
"robić"	"रोबिच"	"रोबिच"	"करना"	"करणे"	"to make"	"verb"	"B2"
"rodzic"	"रोजित्स"	"रओजित्स"	"[अर्थ लंबित]"	"[अर्थ प्रलंबित: parent]"	"parent"	"noun"	"A2"
"rodzimy"	"रोजिमि"	"रओजिमइ"	"[अर्थ लंबित]"	"[अर्थ प्रलंबित: native]"	"native"	"noun"	"B2"
"rodzina"	"रोजिनअ"	"रओजिनअ"	"[अर्थ लंबित]"	"[अर्थ प्रलंबित: family]"	"family"	"noun"	"A1"
"rok"	"रोक"	"रओक"	"साल"	"वर्ष"	"year"	"noun"	"B2"
"Rolle"	"रोलले"	"रओललए"	"[अर्थ लंबित]"	"[अर्थ प्रलंबित: role]"	"role"	"noun"	"B2"
"rolnik"	"रोलनिक"	"रओलनिक"	"[अर्थ लंबित]"	"[अर्थ प्रलंबित: farmer]"	"farmer"	"noun"	"C1"
"roślina"	"रोशलिनअ"	"रओशलइनअ"	"[अर्थ लंबित]"	"[अर्थ प्रलंबित: plant]"	"plant"	"noun"	"B1"
"rosnąć"	"रोसनओंच"	"रओसनओंच"	"[अर्थ लंबित]"	"[अर्थ प्रलंबित: to grow]"	"to grow"	"noun"	"A1"
"Rosyjski"	"रोसियसकि"	"रओसइयसकइ"	"[अर्थ लंबित]"	"[अर्थ प्रलंबित: Russian]"	"Russian"	"noun"	"B2"
"również"	"रउवनिेझ"	"रउवनिएझ"	"[अर्थ लंबित]"	"[अर्थ प्रलंबित: also]"	"also"	"noun"	"A1"
"równowaga"	"रउवनोवअगअ"	"रउवनओवअगअ"	"[अर्थ लंबित]"	"[अर्थ प्रलंबित: balance]"	"balance"	"noun"	"B2"
"równy"	"रउवनि"	"रउवनइ"	"[अर्थ लंबित]"	"[अर्थ प्रलंबित: equal]"	"equal"	"noun"	"B2"
"róża"	"रउझअ"	"रउझअ"	"[अर्थ लंबित]"	"[अर्थ प्रलंबित]"	""	"noun"	"B2"
"rozciągać"	"रोज़चिओंगअच"	"रओज़चिओंगअच"	"[अर्थ लंबित]"	"[अर्थ प्रलंबित: to stretch]"	"to stretch"	"verb"	"A2"
"rozdział"	"रोज़जिअव"	"रओज़जिअव"	"[अर्थ लंबित]"	"[अर्थ प्रलंबित: chapter]"	"chapter"	"noun"	"B2"
"rozebrać się"	"रोज़ेबरअच शिएं"	"रओज़एबरअच शिएं"	"[अर्थ लंबित]"	"[अर्थ प्रलंबित: to strip]"	"to strip"	"noun"	"B2"
"rozkosz"	"रोज़कोश"	"रओज़कओश"	"[अर्थ लंबित]"	"[अर्थ प्रलंबित: delight]"	"delight"	"noun"	"B1"
"rozległy"	"रोज़लेगवि"	"रओज़लएगवइ"	"[अर्थ लंबित]"	"[अर्थ प्रलंबित: vast]"	"vast"	"noun"	"B2"
"rozmawiać"	"रोज़मअविअच"	"रओज़मअवइअच"	"[अर्थ लंबित]"	"[अर्थ प्रलंबित: to talk]"	"to talk"	"verb"	"A1"
"rozmiar"	"रोज़मिअर"	"रओज़मइअर"	"[अर्थ लंबित]"	"[अर्थ प्रलंबित: size]"	"size"	"noun"	"B1"
"rozmowa"	"रोज़मोवअ"	"रओज़मओवअ"	"[अर्थ लंबित]"	"[अर्थ प्रलंबित: conversation]"	"conversation"	"noun"	"A2"
"różne"	"रउझने"	"रउझनए"	"[अर्थ लंबित]"	"[अर्थ प्रलंबित: different]"	"different"	"noun"	"A1"
"różnica"	"रउझनित्सअ"	"रउझनित्सअ"	"[अर्थ लंबित]"	"[अर्थ प्रलंबित: difference]"	"difference"	"noun"	"B1"
"rozpacz"	"रोज़पअच"	"रओज़पअच"	"[अर्थ लंबित]"	"[अर्थ प्रलंबित: despair]"	"despair"	"noun"	"C1"
"rozpoznać"	"रोज़पोज़नअच"	"रओज़पओज़नअच"	"[अर्थ लंबित]"	"[अर्थ प्रलंबित: to recognize]"	"to recognize"	"verb"	"A2"
"rozprzestrzeniać"	"रोज़पझेसतझेनिअच"	"रओज़पझएसतझएनिअच"	"[अर्थ लंबित]"	"[अर्थ प्रलंबित: to spread]"	"to spread"	"verb"	"A2"
"rozszerzyć"	"रोज़शेझिच"	"रओज़शएझइच"	"[अर्थ लंबित]"	"[अर्थ प्रलंबित: to extend]"	"to extend"	"verb"	"B2"
"rozumieć"	"रोज़ुमिेच"	"रओज़उमइएच"	"समझना"	"समजणे"	"to understand"	"verb"	"B2"
"rozważyć"	"रोज़वअझिच"	"रओज़वअझइच"	"[अर्थ लंबित]"	"[अर्थ प्रलंबित: to consider]"	"to consider"	"verb"	"A1"
"rozwiązać"	"रोज़विओंज़अच"	"रओज़वइओंज़अच"	"[अर्थ लंबित]"	"[अर्थ प्रलंबित: to resolve]"	"to resolve"	"verb"	"B2"
"rozwijać się"	"रोज़वियअच शिएं"	"रओज़वइयअच शिएं"	"[अर्थ लंबित]"	"[अर्थ प्रलंबित: to develop]"	"to develop"	"noun"	"B1"
"rozwój"	"रोज़वउय"	"रओज़वउय"	"[अर्थ लंबित]"	"[अर्थ प्रलंबित: development]"	"development"	"noun"	"C1"
"ruch"	"रुख"	"रउख"	"[अर्थ लंबित]"	"[अर्थ प्रलंबित: movement]"	"movement"	"noun"	"A2"
"rura"	"रुरअ"	"रउरअ"	"[अर्थ लंबित]"	"[अर्थ प्रलंबित: pipe]"	"pipe"	"noun"	"B2"
"ryba"	"रिबअ"	"रइबअ"	"मछली"	"मासा"	"fish"	"noun"	"B2"
"rycerz"	"रित्सेझ"	"रइत्सएझ"	"[अर्थ लंबित]"	"[अर्थ प्रलंबित: knight]"	"knight"	"noun"	"B2"
"ryczeć"	"रिचेच"	"रइचएच"	"[अर्थ लंबित]"	"[अर्थ प्रलंबित: to roar]"	"to roar"	"verb"	"B2"
"rynek"	"रिनेक"	"रइनएक"	"[अर्थ लंबित]"	"[अर्थ प्रलंबित: market]"	"market"	"noun"	"B2"
"rysować"	"रिसोवअच"	"रइसओवअच"	"[अर्थ लंबित]"	"[अर्थ प्रलंबित: to draw]"	"to draw"	"verb"	"A1"
"ryż"	"रिझ"	"रइझ"	"चावल"	"तांदूळ"	""	"noun"	"B2"
"ryzyko"	"रिज़िको"	"रइज़इकओ"	"[अर्थ लंबित]"	"[अर्थ प्रलंबित: risk]"	"risk"	"noun"	"B1"
"rząd"	"झओंद"	"झओंद"	"[अर्थ लंबित]"	"[अर्थ प्रलंबित: government]"	"government"	"noun"	"B1"
"rzecz"	"झेच"	"झएच"	"[अर्थ लंबित]"	"[अर्थ प्रलंबित: thing]"	"thing"	"noun"	"A1"
"rzeczy"	"झेचि"	"झएचइ"	"[अर्थ लंबित]"	"[अर्थ प्रलंबित: stuff]"	"stuff"	"noun"	"A2"
"rzeczywistość"	"झेचिविसतोशच"	"झएचइवइसतओशच"	"[अर्थ लंबित]"	"[अर्थ प्रलंबित: reality]"	"reality"	"noun"	"B1"
"rzeka"	"झेकअ"	"झेका"	"नदी"	"नदी"	"river"	"noun"	"B2"
"rzucać"	"झुत्सअच"	"झउत्सअच"	"[अर्थ लंबित]"	"[अर्थ प्रलंबित: to cast]"	"to cast"	"verb"	"B1"
"rzucić"	"झुचिच"	"झउचिच"	"[अर्थ लंबित]"	"[अर्थ प्रलंबित: to throw]"	"to throw"	"verb"	"A1"
"Rzym"	"झिम"	"झइम"	"[अर्थ लंबित]"	"[अर्थ प्रलंबित: Rome]"	"Rome"	"noun"	"C1"
"Sąd"	"सओंद"	"सओंद"	"[अर्थ लंबित]"	"[अर्थ प्रलंबित: court]"	"court"	"noun"	"A2"
"sala"	"सअलअ"	"सअलअ"	"[अर्थ लंबित]"	"[अर्थ प्रलंबित: room]"	"room"	"noun"	"A1"
"salon"	"सअलोन"	"सअलओन"	"ड्राइंग रूम"	"बैठकीची खोली"	""	"noun"	"B2"
"sam"	"सअम"	"सअम"	"[अर्थ लंबित]"	"[अर्थ प्रलंबित: alone]"	"alone"	"noun"	"A1"
"samego siebie"	"सअमेगो शिेबिे"	"सअमएगओ शिएबइए"	"[अर्थ लंबित]"	"[अर्थ प्रलंबित: himself]"	"himself"	"noun"	"A1"
"sami"	"सअमि"	"सअमइ"	"[अर्थ लंबित]"	"[अर्थ प्रलंबित: themselves]"	"themselves"	"noun"	"A1"
"samo"	"सअमो"	"सअमओ"	"[अर्थ लंबित]"	"[अर्थ प्रलंबित: itself]"	"itself"	"noun"	"A2"
"samochód"	"सअमोखउद"	"सअमओखउद"	"[अर्थ लंबित]"	"[अर्थ प्रलंबित: car]"	"car"	"noun"	"A1"
"samolot"	"सअमोलोत"	"सअमओलओत"	"[अर्थ लंबित]"	"[अर्थ प्रलंबित: plane]"	"plane"	"noun"	"B2"
"samotny"	"सअमोतनि"	"सअमओतनइ"	"[अर्थ लंबित]"	"[अर्थ प्रलंबित: lonely]"	"lonely"	"noun"	"C1"
"sapać"	"सअपअच"	"सअपअच"	"[अर्थ लंबित]"	"[अर्थ प्रलंबित: to gasp]"	"to gasp"	"verb"	"B2"
"sąsiad"	"सओंशिअद"	"सओंशिअद"	"[अर्थ लंबित]"	"[अर्थ प्रलंबित: neighbor]"	"neighbor"	"noun"	"C1"
"satysfakcja"	"सअतिसफअकत्सयअ"	"सअतइसफअकत्सयअ"	"[अर्थ लंबित]"	"[अर्थ प्रलंबित: satisfaction]"	"satisfaction"	"noun"	"B2"
"scena"	"सत्सेनअ"	"सत्सएनअ"	"[अर्थ लंबित]"	"[अर्थ प्रलंबित: scene]"	"scene"	"noun"	"A2"
"schodek"	"सखोदेक"	"सखओदएक"	"[अर्थ लंबित]"	"[अर्थ प्रलंबित: stair]"	"stair"	"noun"	"A2"
"schody"	"सखोदि"	"सखओदइ"	"[अर्थ लंबित]"	"[अर्थ प्रलंबित]"	""	"noun"	"B2"
"schronienie"	"सखरोनिेनिे"	"सखरओनिएनिए"	"[अर्थ लंबित]"	"[अर्थ प्रलंबित: shelter]"	"shelter"	"noun"	"C1"
"schwytać"	"सखवितअच"	"सखवइतअच"	"[अर्थ लंबित]"	"[अर्थ प्रलंबित: to capture]"	"to capture"	"verb"	"C1"
"ściana"	"शचिअनअ"	"शचिअनअ"	"[अर्थ लंबित]"	"[अर्थ प्रलंबित: wall]"	"wall"	"noun"	"B2"
"ścieżka"	"शचिेझकअ"	"शचिएझकअ"	"[अर्थ लंबित]"	"[अर्थ प्रलंबित: path]"	"path"	"noun"	"A2"
"ścisnąć"	"शचिसनओंच"	"शचिसनओंच"	"[अर्थ लंबित]"	"[अर्थ प्रलंबित: to squeeze]"	"to squeeze"	"noun"	"B2"
"sędzia"	"सएंजिअ"	"सएंजिअ"	"[अर्थ लंबित]"	"[अर्थ प्रलंबित: judge]"	"judge"	"noun"	"A2"
"sekcja"	"सेकत्सयअ"	"सएकत्सयअ"	"[अर्थ लंबित]"	"[अर्थ प्रलंबित: section]"	"section"	"noun"	"B2"
"sekret"	"सेकरेत"	"सएकरएत"	"[अर्थ लंबित]"	"[अर्थ प्रलंबित: secret]"	"secret"	"noun"	"A2"
"seks"	"सेकस"	"सएकस"	"[अर्थ लंबित]"	"[अर्थ प्रलंबित: sex]"	"sex"	"noun"	"B1"
"seksualny"	"सेकसुअलनि"	"सएकसउअलनइ"	"[अर्थ लंबित]"	"[अर्थ प्रलंबित: sexual]"	"sexual"	"noun"	"B2"
"sekunda"	"सेकुनदअ"	"सएकउनदअ"	"सेकंड"	"सेकंद"	""	"noun"	"B2"
"semestr"	"सेमेसतर"	"सएमएसतर"	"[अर्थ लंबित]"	"[अर्थ प्रलंबित: term]"	"term"	"noun"	"A2"
"senaste"	"सेनअसते"	"सएनअसतए"	"[अर्थ लंबित]"	"[अर्थ प्रलंबित: recent]"	"recent"	"noun"	"C1"
"sens"	"सेनस"	"सएनस"	"[अर्थ लंबित]"	"[अर्थ प्रलंबित: sense]"	"sense"	"noun"	"A1"
"serce"	"सेरत्से"	"सएरत्सए"	"[अर्थ लंबित]"	"[अर्थ प्रलंबित: heart]"	"heart"	"noun"	"B2"
"seria"	"सेरिअ"	"सएरइअ"	"[अर्थ लंबित]"	"[अर्थ प्रलंबित: series]"	"series"	"noun"	"B2"
"sezon"	"सेज़ोन"	"सएज़ओन"	"[अर्थ लंबित]"	"[अर्थ प्रलंबित: season]"	"season"	"noun"	"B2"
"się"	"शिएं"	"शिएं"	"[अर्थ लंबित]"	"[अर्थ प्रलंबित: herself]"	"herself"	"noun"	"A1"
"siebie"	"शिेबिे"	"शिएबइए"	"[अर्थ लंबित]"	"[अर्थ प्रलंबित: myself]"	"myself"	"noun"	"A1"
"siedem"	"शिेदेम"	"शिएदएम"	"सात"	"सात"	"seven"	"noun"	"B2"
"siedemdziesiąt"	"शिेदेमजिेशिओंत"	"शिएदएमजिएशिओंत"	"[अर्थ लंबित]"	"[अर्थ प्रलंबित]"	""	"noun"	"B2"
"siedemnaście"	"शिेदेमनअशचिे"	"शिएदएमनअशचिए"	"[अर्थ लंबित]"	"[अर्थ प्रलंबित]"	""	"noun"	"B2"
"siedzenie"	"शिेजेनिे"	"शिएजएनिए"	"[अर्थ लंबित]"	"[अर्थ प्रलंबित: seat]"	"seat"	"noun"	"A2"
"sierpień"	"शिेरपिेञ"	"शिएरपइएञ"	"अगस्त"	"अगस्ट"	"August"	"noun"	"B2"
"siła"	"शिवअ"	"शिवअ"	"[अर्थ लंबित]"	"[अर्थ प्रलंबित: force]"	"force"	"noun"	"A1"
"silnik"	"शिलनिक"	"शिलनिक"	"[अर्थ लंबित]"	"[अर्थ प्रलंबित: engine]"	"engine"	"noun"	"B2"
"silny"	"शिलनि"	"शिलनइ"	"[अर्थ लंबित]"	"[अर्थ प्रलंबित: strong]"	"strong"	"noun"	"A1"
"siodło"	"शिोदवो"	"शिओदवओ"	"[अर्थ लंबित]"	"[अर्थ प्रलंबित: saddle]"	"saddle"	"noun"	"C1"
"siostra"	"शिोसतरअ"	"शिओसतरअ"	"बहन"	"बहिण"	"sister"	"noun"	"B2"
"skakać"	"सकअकअच"	"सकअकअच"	"[अर्थ लंबित]"	"[अर्थ प्रलंबित: to jump]"	"to jump"	"verb"	"A2"
"skała"	"सकअवअ"	"सकअवअ"	"[अर्थ लंबित]"	"[अर्थ प्रलंबित: rock]"	"rock"	"noun"	"A2"
"sklep"	"सकलेप"	"सकलएप"	"दुकान"	"दुकान"	"shop"	"noun"	"B2"
"skomentuj"	"सकोमेनतुय"	"सकओमएनतउय"	"[अर्थ लंबित]"	"[अर्थ प्रलंबित: comment]"	"comment"	"noun"	"B2"
"skończyć"	"सकोञचिच"	"सकओञचइच"	"[अर्थ लंबित]"	"[अर्थ प्रलंबित: to finish]"	"to finish"	"verb"	"A2"
"skóra"	"सकउरअ"	"सकउरअ"	"[अर्थ लंबित]"	"[अर्थ प्रलंबित: skin]"	"skin"	"noun"	"B2"
"skorpion"	"सकोरपिोन"	"सकओरपइओन"	"[अर्थ लंबित]"	"[अर्थ प्रलंबित]"	""	"noun"	"B2"
"skręcić"	"सकरएंचिच"	"सकरएंचिच"	"[अर्थ लंबित]"	"[अर्थ प्रलंबित: to turn]"	"to turn"	"verb"	"A1"
"skrzydło"	"सकझिदवो"	"सकझइदवओ"	"[अर्थ लंबित]"	"[अर्थ प्रलंबित: wing]"	"wing"	"noun"	"B1"
"skrzynia"	"सकझिनिअ"	"सकझइनिअ"	"[अर्थ लंबित]"	"[अर्थ प्रलंबित: chest]"	"chest"	"noun"	"A2"
"skupić się"	"सकुपिच शिएं"	"सकउपइच शिएं"	"[अर्थ लंबित]"	"[अर्थ प्रलंबित: to focus]"	"to focus"	"noun"	"B2"
"słabe"	"सवअबे"	"सवअबए"	"[अर्थ लंबित]"	"[अर्थ प्रलंबित: faint]"	"faint"	"noun"	"B1"
"słaby"	"सवअबि"	"सवअबइ"	"[अर्थ लंबित]"	"[अर्थ प्रलंबित: weak]"	"weak"	"noun"	"B1"
"ślad"	"शलअद"	"शलअद"	"[अर्थ लंबित]"	"[अर्थ प्रलंबित: trace]"	"trace"	"noun"	"B1"
"sławny"	"सवअवनि"	"सवअवनइ"	"[अर्थ लंबित]"	"[अर्थ प्रलंबित: famous]"	"famous"	"noun"	"B2"
"ślepy"	"शलेपि"	"शलएपइ"	"[अर्थ लंबित]"	"[अर्थ प्रलंबित: blind]"	"blind"	"noun"	"B1"
"słodki"	"सवोदकि"	"सवओदकइ"	"मीठा"	"गोड"	""	"noun"	"B2"
"Słodkie"	"सवोदकिे"	"सवओदकइए"	"[अर्थ लंबित]"	"[अर्थ प्रलंबित: sweet]"	"sweet"	"noun"	"A2"
"słońce"	"सवोञत्से"	"सवओञत्सए"	"[अर्थ लंबित]"	"[अर्थ प्रलंबित: sun]"	"sun"	"noun"	"B2"
"słony"	"सवोनि"	"सवओनइ"	"[अर्थ लंबित]"	"[अर्थ प्रलंबित]"	""	"noun"	"B2"
"słowo"	"सवोवो"	"सवओवओ"	"[अर्थ लंबित]"	"[अर्थ प्रलंबित: word]"	"word"	"noun"	"A1"
"ślub"	"शलुब"	"शलउब"	"[अर्थ लंबित]"	"[अर्थ प्रलंबित: wedding]"	"wedding"	"noun"	"B1"
"słuchać"	"सवुखअच"	"सवउखअच"	"[अर्थ लंबित]"	"[अर्थ प्रलंबित: to listen]"	"to listen"	"verb"	"A1"
"sługa"	"सवुगअ"	"सवउगअ"	"[अर्थ लंबित]"	"[अर्थ प्रलंबित: servant]"	"servant"	"noun"	"A2"
"służyć"	"सवुझिच"	"सवउझइच"	"[अर्थ लंबित]"	"[अर्थ प्रलंबित: to serve]"	"to serve"	"verb"	"A2"
"słyszeć"	"सविशेच"	"सवइशएच"	"सुनना"	"ऐकणे"	"to hear"	"verb"	"B2"
"smak"	"समअक"	"समअक"	"[अर्थ लंबित]"	"[अर्थ प्रलंबित: taste]"	"taste"	"noun"	"A2"
"śmiać się"	"शमिअच शिएं"	"शमइअच शिएं"	"[अर्थ लंबित]"	"[अर्थ प्रलंबित: to laugh]"	"to laugh"	"noun"	"A1"
"śmiech"	"शमिेख"	"शमइएख"	"[अर्थ लंबित]"	"[अर्थ प्रलंबित: laughter]"	"laughter"	"noun"	"B1"
"śmierć"	"शमिेरच"	"शमइएरच"	"[अर्थ लंबित]"	"[अर्थ प्रलंबित: death]"	"death"	"noun"	"A1"
"smierdziec"	"समिेरजिेत्स"	"समइएरजिएत्स"	"[अर्थ लंबित]"	"[अर्थ प्रलंबित: to smell]"	"to smell"	"noun"	"A2"
"smutek"	"समुतेक"	"समउतएक"	"[अर्थ लंबित]"	"[अर्थ प्रलंबित: sorrow]"	"sorrow"	"noun"	"C1"
"smutne"	"समुतने"	"समउतनए"	"[अर्थ लंबित]"	"[अर्थ प्रलंबित: sad]"	"sad"	"noun"	"B1"
"śniadanie"	"शनिअदअनिे"	"शनिअदअनिए"	"[अर्थ लंबित]"	"[अर्थ प्रलंबित: breakfast]"	"breakfast"	"noun"	"B1"
"śnieg"	"शनिेग"	"शनिएग"	"[अर्थ लंबित]"	"[अर्थ प्रलंबित: snow]"	"snow"	"noun"	"B2"
"sobota"	"सोबोतअ"	"सोबोता"	"शनिवार"	"शनिवार"	"Saturday"	"noun"	"B2"
"sofa"	"सोफअ"	"सओफअ"	"[अर्थ लंबित]"	"[अर्थ प्रलंबित]"	""	"noun"	"B2"
"sól"	"सउल"	"सउल"	"[अर्थ लंबित]"	"[अर्थ प्रलंबित]"	""	"noun"	"B2"
"sortować"	"सोरतोवअच"	"सओरतओवअच"	"[अर्थ लंबित]"	"[अर्थ प्रलंबित: sort]"	"sort"	"verb"	"A1"
"spać"	"सपअच"	"सपअच"	"[अर्थ लंबित]"	"[अर्थ प्रलंबित: to sleep]"	"to sleep"	"verb"	"A1"
"spakować"	"सपअकोवअच"	"सपअकओवअच"	"[अर्थ लंबित]"	"[अर्थ प्रलंबित: to pack]"	"to pack"	"verb"	"B1"
"specjalny"	"सपेत्सयअलनि"	"सपएत्सयअलनइ"	"[अर्थ लंबित]"	"[अर्थ प्रलंबित: special]"	"special"	"noun"	"A2"
"śpi"	"शपि"	"शपइ"	"[अर्थ लंबित]"	"[अर्थ प्रलंबित: asleep]"	"asleep"	"noun"	"B1"
"spieszyć się"	"सपिेशिच शिएं"	"सपइएशइच शिएं"	"[अर्थ लंबित]"	"[अर्थ प्रलंबित: to rush]"	"to rush"	"noun"	"A2"
"śpieszyć się"	"शपिेशिच शिएं"	"शपइएशइच शिएं"	"[अर्थ लंबित]"	"[अर्थ प्रलंबित: to hurry]"	"to hurry"	"noun"	"A2"
"śpiewać"	"शपिेवअच"	"शपइएवअच"	"गाना"	"गाणे"	"to sing"	"verb"	"B2"
"spódnica"	"सपउदनित्सअ"	"सपउदनित्सअ"	"[अर्थ लंबित]"	"[अर्थ प्रलंबित: skirt]"	"skirt"	"noun"	"B2"
"spodziewać się"	"सपोजिेवअच शिएं"	"सपओजिएवअच शिएं"	"[अर्थ लंबित]"	"[अर्थ प्रलंबित: to expect]"	"to expect"	"noun"	"A1"
"spojrzeć"	"सपोयझेच"	"सपओयझएच"	"[अर्थ लंबित]"	"[अर्थ प्रलंबित: to glance]"	"to glance"	"verb"	"A1"
"spojrzenie"	"सपोयझेनिे"	"सपओयझएनिए"	"[अर्थ लंबित]"	"[अर्थ प्रलंबित: gaze]"	"gaze"	"noun"	"A2"
"spokojna"	"सपोकोयनअ"	"सपओकओयनअ"	"[अर्थ लंबित]"	"[अर्थ प्रलंबित: calm]"	"calm"	"noun"	"B1"
"społeczeństwo"	"सपोवेचेञसतवो"	"सपओवएचएञसतवओ"	"[अर्थ लंबित]"	"[अर्थ प्रलंबित: society]"	"society"	"noun"	"B1"
"społeczność"	"सपोवेचनोशच"	"सपओवएचनओशच"	"[अर्थ लंबित]"	"[अर्थ प्रलंबित: community]"	"community"	"noun"	"B1"
"społeczny"	"सपोवेचनि"	"सपओवएचनइ"	"[अर्थ लंबित]"	"[अर्थ प्रलंबित: social]"	"social"	"noun"	"A2"
"sposób"	"सपोसउब"	"सपओसउब"	"[अर्थ लंबित]"	"[अर्थ प्रलंबित: way]"	"way"	"noun"	"A1"
"spotkać"	"सपोतकअच"	"सपओतकअच"	"[अर्थ लंबित]"	"[अर्थ प्रलंबित: to meet]"	"to meet"	"verb"	"A1"
"spotkanie"	"सपोतकअनिे"	"सपओतकअनिए"	"[अर्थ लंबित]"	"[अर्थ प्रलंबित: meeting]"	"meeting"	"noun"	"A2"
"sprawa"	"सपरअवअ"	"सपरअवअ"	"[अर्थ लंबित]"	"[अर्थ प्रलंबित: deal]"	"deal"	"noun"	"A2"
"sprawdzić"	"सपरअवजिच"	"सपरअवजिच"	"[अर्थ लंबित]"	"[अर्थ प्रलंबित: to check]"	"to check"	"verb"	"A2"
"sprawiedliwość"	"सपरअविेदलिवोशच"	"सपरअवइएदलइवओशच"	"[अर्थ लंबित]"	"[अर्थ प्रलंबित: justice]"	"justice"	"noun"	"B2"
"sprzedać"	"सपझेदअच"	"सपझएदअच"	"बेचना"	"विकणे"	""	"verb"	"B2"
"sprzedawca"	"सपझेदअवत्सअ"	"सपझएदअवत्सअ"	"[अर्थ लंबित]"	"[अर्थ प्रलंबित]"	""	"noun"	"B2"
"srebrny"	"सरेबरनि"	"सरएबरनइ"	"[अर्थ लंबित]"	"[अर्थ प्रलंबित: silver]"	"silver"	"noun"	"B1"
"środa"	"शरोदअ"	"श्रोदा"	"बुधवार"	"बुधवार"	""	"noun"	"B2"
"środek"	"शरोदेक"	"शरओदएक"	"[अर्थ लंबित]"	"[अर्थ प्रलंबित: measure]"	"measure"	"noun"	"B1"
"środkowy"	"शरोदकोवि"	"शरओदकओवइ"	"[अर्थ लंबित]"	"[अर्थ प्रलंबित: middle]"	"middle"	"noun"	"A2"
"stać"	"सतअच"	"सतअच"	"[अर्थ लंबित]"	"[अर्थ प्रलंबित: to stand]"	"to stand"	"verb"	"A1"
"stacja"	"सतअत्सयअ"	"सतअत्सयअ"	"[अर्थ लंबित]"	"[अर्थ प्रलंबित: station]"	"station"	"noun"	"A2"
"stal"	"सतअल"	"सतअल"	"[अर्थ लंबित]"	"[अर्थ प्रलंबित: steel]"	"steel"	"noun"	"B2"
"stały"	"सतअवि"	"सतअवइ"	"[अर्थ लंबित]"	"[अर्थ प्रलंबित: steady]"	"steady"	"noun"	"B2"
"stan"	"सतअन"	"सतअन"	"[अर्थ लंबित]"	"[अर्थ प्रलंबित: state]"	"state"	"noun"	"A1"
"stanowczo"	"सतअनोवचो"	"सतअनओवचओ"	"[अर्थ लंबित]"	"[अर्थ प्रलंबित: firmly]"	"firmly"	"noun"	"B2"
"starożytny"	"सतअरोझितनि"	"सतअरओझइतनइ"	"[अर्थ लंबित]"	"[अर्थ प्रलंबित: ancient]"	"ancient"	"noun"	"B1"
"stary"	"सतअरि"	"सतअरइ"	"[अर्थ लंबित]"	"[अर्थ प्रलंबित: old]"	"old"	"noun"	"A1"
"statek"	"सतअतेक"	"सतअतएक"	"[अर्थ लंबित]"	"[अर्थ प्रलंबित: ship]"	"ship"	"noun"	"A2"
"stawka"	"सतअवकअ"	"सतअवकअ"	"[अर्थ लंबित]"	"[अर्थ प्रलंबित: rate]"	"rate"	"noun"	"B1"
"staż"	"सतअझ"	"सतअझ"	"[अर्थ लंबित]"	"[अर्थ प्रलंबित: stage]"	"stage"	"noun"	"B1"
"sto"	"सतो"	"सतओ"	"सौ"	"शंभर"	"hundred"	"noun"	"B2"
"stokrotka"	"सतोकरोतकअ"	"सतओकरओतकअ"	"[अर्थ लंबित]"	"[अर्थ प्रलंबित]"	""	"noun"	"B2"
"stół"	"सतउव"	"सतउव"	"[अर्थ लंबित]"	"[अर्थ प्रलंबित: table]"	"table"	"noun"	"B2"
"stopa"	"सतोपअ"	"सतओपअ"	"[अर्थ लंबित]"	"[अर्थ प्रलंबित: foot]"	"foot"	"noun"	"A1"
"stopień"	"सतोपिेञ"	"सतओपइएञ"	"[अर्थ लंबित]"	"[अर्थ प्रलंबित: degree]"	"degree"	"noun"	"B1"
"stos"	"सतोस"	"सतओस"	"[अर्थ लंबित]"	"[अर्थ प्रलंबित: pile]"	"pile"	"noun"	"B1"
"strach"	"सतरअख"	"सतरअख"	"[अर्थ लंबित]"	"[अर्थ प्रलंबित: fear]"	"fear"	"noun"	"A1"
"straszny"	"सतरअशनि"	"सतरअशनइ"	"[अर्थ लंबित]"	"[अर्थ प्रलंबित: terrible]"	"terrible"	"noun"	"B1"
"strata"	"सतरअतअ"	"सतरअतअ"	"[अर्थ लंबित]"	"[अर्थ प्रलंबित: loss]"	"loss"	"noun"	"B1"
"strona"	"सतरोनअ"	"सतरओनअ"	"[अर्थ लंबित]"	"[अर्थ प्रलंबित: page]"	"page"	"noun"	"A2"
"struktura"	"सतरुकतुरअ"	"सतरउकतउरअ"	"[अर्थ लंबित]"	"[अर्थ प्रलंबित: structure]"	"structure"	"noun"	"C1"
"strumień"	"सतरुमिेञ"	"सतरउमइएञ"	"[अर्थ लंबित]"	"[अर्थ प्रलंबित: stream]"	"stream"	"noun"	"B1"
"strzał"	"सतझअव"	"सतझअव"	"[अर्थ लंबित]"	"[अर्थ प्रलंबित: shot]"	"shot"	"noun"	"B1"
"strzec"	"सतझेत्स"	"सतझएत्स"	"[अर्थ लंबित]"	"[अर्थ प्रलंबित: guard]"	"guard"	"noun"	"A2"
"strzelać"	"सतझेलअच"	"सतझएलअच"	"[अर्थ लंबित]"	"[अर्थ प्रलंबित: to shoot]"	"to shoot"	"verb"	"A2"
"stulecie"	"सतुलेचिे"	"सतउलएचिए"	"[अर्थ लंबित]"	"[अर्थ प्रलंबित: century]"	"century"	"noun"	"A2"
"styczeń"	"सतिचेञ"	"सतइचएञ"	"जनवरी"	"जानेवारी"	""	"noun"	"B2"
"styl"	"सतिल"	"सतइल"	"[अर्थ लंबित]"	"[अर्थ प्रलंबित: style]"	"style"	"noun"	"B1"
"suchy"	"सुखि"	"सउखइ"	"सूखा"	"कोरडा"	"dry"	"noun"	"B2"
"sufit"	"सुफित"	"सउफइत"	"[अर्थ लंबित]"	"[अर्थ प्रलंबित: ceiling]"	"ceiling"	"noun"	"B2"
"sugerować"	"सुगेरोवअच"	"सउगएरओवअच"	"[अर्थ लंबित]"	"[अर्थ प्रलंबित: to suggest]"	"to suggest"	"verb"	"A2"
"sugestia"	"सुगेसतिअ"	"सउगएसतइअ"	"[अर्थ लंबित]"	"[अर्थ प्रलंबित: suggestion]"	"suggestion"	"noun"	"C1"
"sukces"	"सुकत्सेस"	"सउकत्सएस"	"[अर्थ लंबित]"	"[अर्थ प्रलंबित: success]"	"success"	"noun"	"B1"
"suknia"	"सुकनिअ"	"सउकनिअ"	"[अर्थ लंबित]"	"[अर्थ प्रलंबित: gown]"	"gown"	"noun"	"C1"
"świadek"	"शविअदेक"	"शवइअदएक"	"[अर्थ लंबित]"	"[अर्थ प्रलंबित: witness]"	"witness"	"noun"	"B1"
"świadomość"	"शविअदोमोशच"	"शवइअदओमओशच"	"[अर्थ लंबित]"	"[अर्थ प्रलंबित: consciousness]"	"consciousness"	"noun"	"C1"
"świadomy"	"शविअदोमि"	"शवइअदओमइ"	"[अर्थ लंबित]"	"[अर्थ प्रलंबित: aware]"	"aware"	"noun"	"A2"
"świat"	"शविअत"	"शवइअत"	"[अर्थ लंबित]"	"[अर्थ प्रलंबित: world]"	"world"	"noun"	"A1"
"światło"	"शविअतवो"	"शवइअतवओ"	"[अर्थ लंबित]"	"[अर्थ प्रलंबित: light]"	"light"	"noun"	"A1"
"świątynia"	"शविओंतिनिअ"	"शवइओंतइनिअ"	"[अर्थ लंबित]"	"[अर्थ प्रलंबित: temple]"	"temple"	"noun"	"B2"
"świeca"	"शविेत्सअ"	"शवइएत्सअ"	"[अर्थ लंबित]"	"[अर्थ प्रलंबित: candle]"	"candle"	"noun"	"B2"
"świecić"	"शविेचिच"	"शवइएचिच"	"[अर्थ लंबित]"	"[अर्थ प्रलंबित: to shine]"	"to shine"	"verb"	"B1"
"świetny"	"शविेतनि"	"शवइएतनइ"	"[अर्थ लंबित]"	"[अर्थ प्रलंबित: great]"	"great"	"noun"	"A1"
"świeży"	"शविेझि"	"शवइएझइ"	"[अर्थ लंबित]"	"[अर्थ प्रलंबित: fresh]"	"fresh"	"noun"	"B2"
"świt"	"शवित"	"शवइत"	"[अर्थ लंबित]"	"[अर्थ प्रलंबित: dawn]"	"dawn"	"noun"	"B2"
"sygnał"	"सिगनअव"	"सइगनअव"	"[अर्थ लंबित]"	"[अर्थ प्रलंबित: signal]"	"signal"	"noun"	"B2"
"syn"	"सिन"	"सइन"	"[अर्थ लंबित]"	"[अर्थ प्रलंबित: son]"	"son"	"noun"	"B2"
"sypialnia"	"सिपिअलनिअ"	"सइपइअलनिअ"	"शयनकक्ष"	"शयनकक्ष"	"bedroom"	"noun"	"B2"
"syr"	"सिर"	"सइर"	"पनीर"	"खोआ"	""	"noun"	"B2"
"sytuacja"	"सितुअत्सयअ"	"सइतउअत्सयअ"	"[अर्थ लंबित]"	"[अर्थ प्रलंबित: situation]"	"situation"	"noun"	"A2"
"szacunek"	"शअत्सुनेक"	"शअत्सउनएक"	"[अर्थ लंबित]"	"[अर्थ प्रलंबित: to regard]"	"to regard"	"noun"	"A2"
"szaleństwo"	"शअलेञसतवो"	"शअलएञसतवओ"	"[अर्थ लंबित]"	"[अर्थ प्रलंबित: rage]"	"rage"	"noun"	"B2"
"szalony"	"शअलोनि"	"शअलओनइ"	"[अर्थ लंबित]"	"[अर्थ प्रलंबित: mad]"	"mad"	"noun"	"B1"
"szansa"	"शअनसअ"	"शअनसअ"	"[अर्थ लंबित]"	"[अर्थ प्रलंबित: chance]"	"chance"	"noun"	"A1"
"szarpać"	"शअरपअच"	"शअरपअच"	"[अर्थ लंबित]"	"[अर्थ प्रलंबित: to jerk]"	"to jerk"	"verb"	"B2"
"szary"	"शअरि"	"शअरइ"	"धूसर"	"राखाडी"	"gray"	"noun"	"B2"
"Szczegół"	"श्चेगउव"	"श्चएगउव"	"[अर्थ लंबित]"	"[अर्थ प्रलंबित: detail]"	"detail"	"noun"	"A2"
"szczególnie"	"श्चेगउलनिे"	"श्चएगउलनिए"	"[अर्थ लंबित]"	"[अर्थ प्रलंबित: particularly]"	"particularly"	"noun"	"B1"
"szczególny"	"श्चेगउलनि"	"श्चएगउलनइ"	"[अर्थ लंबित]"	"[अर्थ प्रलंबित: particular]"	"particular"	"noun"	"A2"
"szczęka"	"श्चएंकअ"	"श्चएंकअ"	"[अर्थ लंबित]"	"[अर्थ प्रलंबित: jaw]"	"jaw"	"noun"	"B2"
"szczęście"	"श्चएंशचिे"	"श्चएंशचिए"	"[अर्थ लंबित]"	"[अर्थ प्रलंबित: luck]"	"luck"	"noun"	"B1"
"szczęśliwy"	"श्चएंशलिवि"	"श्चएंशलइवइ"	"[अर्थ लंबित]"	"[अर्थ प्रलंबित: happy]"	"happy"	"noun"	"A1"
"szczotkować"	"श्चोतकोवअच"	"श्चओतकओवअच"	"[अर्थ लंबित]"	"[अर्थ प्रलंबित: to brush]"	"to brush"	"verb"	"B1"
"szczupły"	"श्चुपवि"	"श्चउपवइ"	"[अर्थ लंबित]"	"[अर्थ प्रलंबित]"	""	"noun"	"B2"
"szef"	"शेफ"	"शएफ"	"[अर्थ लंबित]"	"[अर्थ प्रलंबित: chief]"	"chief"	"noun"	"B1"
"szemrać"	"शेमरअच"	"शएमरअच"	"[अर्थ लंबित]"	"[अर्थ प्रलंबित: to murmur]"	"to murmur"	"verb"	"B1"
"szeptać"	"शेपतअच"	"शएपतअच"	"[अर्थ लंबित]"	"[अर्थ प्रलंबित: to whisper]"	"to whisper"	"verb"	"A2"
"szeroki"	"शेरोकि"	"शएरओकइ"	"[अर्थ लंबित]"	"[अर्थ प्रलंबित: wide]"	"wide"	"noun"	"A2"
"sześć"	"शेशच"	"शएशच"	"छह"	"सहा"	"six"	"noun"	"B2"
"sześćdziesiąt"	"शेशचजिेशिओंत"	"शएशचजिएशिओंत"	"[अर्थ लंबित]"	"[अर्थ प्रलंबित]"	""	"noun"	"C1"
"szesnaście"	"शेसनअशचिे"	"शएसनअशचिए"	"[अर्थ लंबित]"	"[अर्थ प्रलंबित]"	""	"noun"	"C1"
"szklanke"	"शकलअनके"	"शकलअनकए"	"[अर्थ लंबित]"	"[अर्थ प्रलंबित]"	""	"noun"	"C1"
"szkło"	"शकवो"	"शकवओ"	"[अर्थ लंबित]"	"[अर्थ प्रलंबित: glass]"	"glass"	"noun"	"A2"
"szkoda"	"शकोदअ"	"शकओदअ"	"[अर्थ लंबित]"	"[अर्थ प्रलंबित: pity]"	"pity"	"noun"	"B2"
"szkoła"	"शकोवअ"	"श्कोवा"	"स्कूल"	"शाळा"	"school"	"noun"	"C1"
"szlachetny"	"शलअखेतनि"	"शलअखएतनइ"	"[अर्थ लंबित]"	"[अर्थ प्रलंबित: noble]"	"noble"	"noun"	"B2"
"szlak"	"शलअक"	"शलअक"	"[अर्थ लंबित]"	"[अर्थ प्रलंबित: trail]"	"trail"	"noun"	"B1"
"szlochać"	"शलोखअच"	"शलओखअच"	"[अर्थ लंबित]"	"[अर्थ प्रलंबित: to sob]"	"to sob"	"verb"	"B2"
"sznur"	"शनुर"	"शनउर"	"[अर्थ लंबित]"	"[अर्थ प्रलंबित: string]"	"string"	"noun"	"B2"
"szorstki"	"शोरसतकि"	"शओरसतकइ"	"[अर्थ लंबित]"	"[अर्थ प्रलंबित: rough]"	"rough"	"noun"	"B2"
"szpetny"	"शपेतनि"	"शपएतनइ"	"[अर्थ लंबित]"	"[अर्थ प्रलंबित]"	""	"noun"	"C1"
"szpital"	"शपितअल"	"शपइतअल"	"अस्पताल"	"रुग्णालय"	"hospital"	"noun"	"C1"
"sztuczka"	"शतुचकअ"	"शतउचकअ"	"[अर्थ लंबित]"	"[अर्थ प्रलंबित: trick]"	"trick"	"noun"	"B2"
"sztuka"	"शतुकअ"	"शतउकअ"	"[अर्थ लंबित]"	"[अर्थ प्रलंबित: art]"	"art"	"noun"	"A2"
"szukać"	"शुकअच"	"शउकअच"	"[अर्थ लंबित]"	"[अर्थ प्रलंबित: to search]"	"to search"	"verb"	"A2"
"szybki"	"शिबकि"	"शइबकइ"	"[अर्थ लंबित]"	"[अर्थ प्रलंबित: fast]"	"fast"	"noun"	"A2"
"szybko"	"शिबको"	"शइबकओ"	"[अर्थ लंबित]"	"[अर्थ प्रलंबित: quickly]"	"quickly"	"noun"	"A1"
"szyja"	"शियअ"	"शइयअ"	"[अर्थ लंबित]"	"[अर्थ प्रलंबित: neck]"	"neck"	"noun"	"C1"
"szyte"	"शिते"	"शइतए"	"[अर्थ लंबित]"	"[अर्थ प्रलंबित]"	""	"noun"	"C1"
"tablica"	"तअबलित्सअ"	"तअबलइत्सअ"	"[अर्थ लंबित]"	"[अर्थ प्रलंबित: board]"	"board"	"noun"	"A2"
"tajemnica"	"तअयेमनित्सअ"	"तअयएमनित्सअ"	"[अर्थ लंबित]"	"[अर्थ प्रलंबित: mystery]"	"mystery"	"noun"	"B2"
"tajemniczy"	"तअयेमनिचि"	"तअयएमनिचइ"	"[अर्थ लंबित]"	"[अर्थ प्रलंबित: mysterious]"	"mysterious"	"noun"	"C1"
"tak"	"तअक"	"तअक"	"[अर्थ लंबित]"	"[अर्थ प्रलंबित: yes]"	"yes"	"noun"	"A2"
"tak czy inaczej"	"तअक चि िनअचेय"	"तअक चइ इनअचएय"	"[अर्थ लंबित]"	"[अर्थ प्रलंबित: anyway]"	"anyway"	"noun"	"A2"
"tak jak"	"तअक यअक"	"तअक यअक"	"[अर्थ लंबित]"	"[अर्थ प्रलंबित: as]"	"as"	"noun"	"A1"
"tak właściwie"	"तअक ववअशचिविे"	"तअक ववअशचिवइए"	"[अर्थ लंबित]"	"[अर्थ प्रलंबित: actually]"	"actually"	"noun"	"A2"
"taki"	"तअकि"	"तअकइ"	"[अर्थ लंबित]"	"[अर्थ प्रलंबित: such]"	"such"	"noun"	"A1"
"talerz"	"तअलेझ"	"तअलएझ"	"[अर्थ लंबित]"	"[अर्थ प्रलंबित: plate]"	"plate"	"noun"	"C1"
"talia"	"तअलिअ"	"तअलइअ"	"[अर्थ लंबित]"	"[अर्थ प्रलंबित: waist]"	"waist"	"noun"	"B2"
"tam"	"तअम"	"तअम"	"[अर्थ लंबित]"	"[अर्थ प्रलंबित: there]"	"there"	"noun"	"A1"
"tańczyć"	"तअञचिच"	"तअञचइच"	"नाचना"	"नाचणे"	"to dance"	"verb"	"C1"
"tani"	"तअनि"	"तअनि"	"[अर्थ लंबित]"	"[अर्थ प्रलंबित]"	""	"noun"	"C1"
"tańszy"	"तअञशि"	"तअञशइ"	"[अर्थ लंबित]"	"[अर्थ प्रलंबित]"	""	"noun"	"C1"
"targi"	"तअरगि"	"तअरगइ"	"[अर्थ लंबित]"	"[अर्थ प्रलंबित: fair]"	"fair"	"noun"	"A2"
"taśma"	"तअशमअ"	"तअशमअ"	"[अर्थ लंबित]"	"[अर्थ प्रलंबित: tape]"	"tape"	"noun"	"C1"
"tata"	"तअतअ"	"तअतअ"	"[अर्थ लंबित]"	"[अर्थ प्रलंबित: dad]"	"dad"	"noun"	"C1"
"te"	"ते"	"तए"	"[अर्थ लंबित]"	"[अर्थ प्रलंबित: those]"	"those"	"noun"	"A1"
"tekst"	"तेकसत"	"तएकसत"	"[अर्थ लंबित]"	"[अर्थ प्रलंबित: text]"	"text"	"noun"	"B2"
"telefon"	"तेलेफोन"	"तएलएफओन"	"[अर्थ लंबित]"	"[अर्थ प्रलंबित: phone]"	"phone"	"noun"	"A2"
"telewizja"	"तेलेविज़यअ"	"तएलएवइज़यअ"	"[अर्थ लंबित]"	"[अर्थ प्रलंबित: television]"	"television"	"noun"	"C1"
"tempo"	"तेमपो"	"तएमपओ"	"[अर्थ लंबित]"	"[अर्थ प्रलंबित: pace]"	"pace"	"noun"	"B1"
"temu"	"तेमु"	"तएमउ"	"[अर्थ लंबित]"	"[अर्थ प्रलंबित: ago]"	"ago"	"noun"	"A1"
"ten drugi"	"तेन दरुगि"	"तएन दरउगइ"	"[अर्थ लंबित]"	"[अर्थ प्रलंबित: latter]"	"latter"	"noun"	"B2"
"tendencja"	"तेनदेनत्सयअ"	"तएनदएनत्सयअ"	"[अर्थ लंबित]"	"[अर्थ प्रलंबित: to tend]"	"to tend"	"noun"	"C1"
"teoria"	"तेोरिअ"	"तएओरइअ"	"[अर्थ लंबित]"	"[अर्थ प्रलंबित: theory]"	"theory"	"noun"	"B2"
"teraz"	"तेरअज़"	"तएरअज़"	"अभी"	"आता"	"now"	"noun"	"C1"
"tkliwość"	"तकलिवोशच"	"तकलइवओशच"	"[अर्थ लंबित]"	"[अर्थ प्रलंबित: affection]"	"affection"	"noun"	"B2"
"tło"	"तवो"	"तवओ"	"[अर्थ लंबित]"	"[अर्थ प्रलंबित: background]"	"background"	"noun"	"C1"
"tłum"	"तवुम"	"तवउम"	"[अर्थ लंबित]"	"[अर्थ प्रलंबित: crowd]"	"crowd"	"noun"	"A2"
"tłuszcz"	"तवुश्च"	"तवउश्च"	"[अर्थ लंबित]"	"[अर्थ प्रलंबित: fat]"	"fat"	"noun"	"B1"
"to"	"तो"	"तओ"	"[अर्थ लंबित]"	"[अर्थ प्रलंबित: it]"	"it"	"noun"	"A1"
"toczyć"	"तोचिच"	"तओचइच"	"[अर्थ लंबित]"	"[अर्थ प्रलंबित: to roll]"	"to roll"	"verb"	"A2"
"ton"	"तोन"	"तओन"	"[अर्थ लंबित]"	"[अर्थ प्रलंबित: tone]"	"tone"	"noun"	"A2"
"tonąć"	"तोनओंच"	"तओनओंच"	"[अर्थ लंबित]"	"[अर्थ प्रलंबित: to sink]"	"to sink"	"noun"	"A2"
"Top"	"तोप"	"तओप"	"[अर्थ लंबित]"	"[अर्थ प्रलंबित: top]"	"top"	"noun"	"A1"
"torba"	"तोरबअ"	"तओरबअ"	"[अर्थ लंबित]"	"[अर्थ प्रलंबित: bag]"	"bag"	"noun"	"A2"
"towarzysz"	"तोवअझिश"	"तओवअझइश"	"[अर्थ लंबित]"	"[अर्थ प्रलंबित: companion]"	"companion"	"noun"	"B1"
"towarzyszyć"	"तोवअझिशिच"	"तओवअझइशइच"	"[अर्थ लंबित]"	"[अर्थ प्रलंबित: to accompany]"	"to accompany"	"verb"	"B1"
"tracić"	"तरअचिच"	"तरअचिच"	"खोना"	"गमावणे"	""	"verb"	"C1"
"tradycja"	"तरअदित्सयअ"	"तरअदइत्सयअ"	"[अर्थ लंबित]"	"[अर्थ प्रलंबित: tradition]"	"tradition"	"noun"	"B2"
"trawa"	"तरअवअ"	"तरअवअ"	"[अर्थ लंबित]"	"[अर्थ प्रलंबित: grass]"	"grass"	"noun"	"B1"
"treści"	"तरेशचि"	"तरएशचि"	"[अर्थ लंबित]"	"[अर्थ प्रलंबित: content]"	"content"	"noun"	"B1"
"trochę"	"तरोखएं"	"तरओखएं"	"[अर्थ लंबित]"	"[अर्थ प्रलंबित: some]"	"some"	"noun"	"A1"
"trots"	"तरोतस"	"तरओतस"	"[अर्थ लंबित]"	"[अर्थ प्रलंबित: despite]"	"despite"	"noun"	"B2"
"trudność"	"तरुदनोशच"	"तरउदनओशच"	"[अर्थ लंबित]"	"[अर्थ प्रलंबित: difficulty]"	"difficulty"	"noun"	"B1"
"trudny"	"तरुदनि"	"तरउदनइ"	"[अर्थ लंबित]"	"[अर्थ प्रलंबित: difficult]"	"difficult"	"noun"	"A2"
"trzeci"	"तझेचि"	"तझएचि"	"[अर्थ लंबित]"	"[अर्थ प्रलंबित: third]"	"third"	"noun"	"A2"
"trzy"	"तझि"	"तझइ"	"तीन"	"तीन"	"three"	"noun"	"C1"
"trzydzieści"	"तझिजिेशचि"	"तझइजिएशचि"	"[अर्थ लंबित]"	"[अर्थ प्रलंबित: thirty]"	"thirty"	"noun"	"C1"
"trzymać"	"तझिमअच"	"तझइमअच"	"[अर्थ लंबित]"	"[अर्थ प्रलंबित: to hold]"	"to hold"	"verb"	"A1"
"trzynaście"	"तझिनअशचिे"	"तझइनअशचिए"	"[अर्थ लंबित]"	"[अर्थ प्रलंबित]"	""	"noun"	"C1"
"tulipan"	"तुलिपअन"	"तउलइपअन"	"[अर्थ लंबित]"	"[अर्थ प्रलंबित]"	""	"noun"	"C1"
"tułów"	"तुवउव"	"तउवउव"	"[अर्थ लंबित]"	"[अर्थ प्रलंबित: trunk]"	"trunk"	"noun"	"C1"
"tutaj"	"तुतअय"	"तउतअय"	"[अर्थ लंबित]"	"[अर्थ प्रलंबित: here]"	"here"	"noun"	"A1"
"Twarz"	"तवअझ"	"तवअझ"	"[अर्थ लंबित]"	"[अर्थ प्रलंबित: face]"	"face"	"noun"	"A1"
"twierdzić"	"तविेरजिच"	"तवइएरजिच"	"[अर्थ लंबित]"	"[अर्थ प्रलंबित: to claim]"	"to claim"	"verb"	"A2"
"Twój"	"तवउय"	"तवउय"	"[अर्थ लंबित]"	"[अर्थ प्रलंबित: your]"	"your"	"noun"	"A1"
"twoje"	"तवोये"	"तवओयए"	"[अर्थ लंबित]"	"[अर्थ प्रलंबित: yours]"	"yours"	"noun"	"B1"
"tworzyć"	"तवोझिच"	"तवओझइच"	"[अर्थ लंबित]"	"[अर्थ प्रलंबित: to create]"	"to create"	"verb"	"A2"
"ty"	"ति"	"तइ"	"[अर्थ लंबित]"	"[अर्थ प्रलंबित: you]"	"you"	"noun"	"A1"
"tydzień"	"तिजिेञ"	"तइजिएञ"	"सप्ताह"	"आठवडा"	"week"	"noun"	"C1"
"tył"	"तिव"	"तइव"	"[अर्थ लंबित]"	"[अर्थ प्रलंबित: rear]"	"rear"	"noun"	"B2"
"tylko"	"तिलको"	"तइलकओ"	"[अर्थ लंबित]"	"[अर्थ प्रलंबित: only]"	"only"	"noun"	"A1"
"typ"	"तिप"	"तइप"	"[अर्थ लंबित]"	"[अर्थ प्रलंबित: type]"	"type"	"noun"	"B1"
"tysiąc"	"तिशिओंत्स"	"तइशिओंत्स"	"हजार"	"हजार"	"thousand"	"noun"	"C1"
"tytuł"	"तितुव"	"तइतउव"	"[अर्थ लंबित]"	"[अर्थ प्रलंबित: title]"	"title"	"noun"	"C1"
"ubiegać się"	"ुबिेगअच शिएं"	"उबइएगअच शिएं"	"[अर्थ लंबित]"	"[अर्थ प्रलंबित: to apply]"	"to apply"	"noun"	"B2"
"ubierać"	"ुबिेरअच"	"उबइएरअच"	"[अर्थ लंबित]"	"[अर्थ प्रलंबित: to wear]"	"to wear"	"verb"	"A1"
"ubierać się"	"ुबिेरअच शिएं"	"उबइएरअच शिएं"	"[अर्थ लंबित]"	"[अर्थ प्रलंबित: to dress]"	"to dress"	"noun"	"A1"
"ubogi"	"ुबोगि"	"उबओगइ"	"[अर्थ लंबित]"	"[अर्थ प्रलंबित: poor]"	"poor"	"noun"	"A1"
"ubranie"	"ुबरअनिे"	"उबरअनिए"	"[अर्थ लंबित]"	"[अर्थ प्रलंबित: clothes]"	"clothes"	"noun"	"A2"
"ucho"	"ुखो"	"उखओ"	"[अर्थ लंबित]"	"[अर्थ प्रलंबित: ear]"	"ear"	"noun"	"C1"
"uchwyt"	"ुखवित"	"उखवइत"	"[अर्थ लंबित]"	"[अर्थ प्रलंबित: grip]"	"grip"	"noun"	"B1"
"uciąć"	"ुचिओंच"	"उचिओंच"	"[अर्थ लंबित]"	"[अर्थ प्रलंबित: to cut]"	"to cut"	"noun"	"A1"
"uciec"	"ुचिेत्स"	"उचिएत्स"	"[अर्थ लंबित]"	"[अर्थ प्रलंबित: to escape]"	"to escape"	"noun"	"A2"
"uciekać"	"ुचिेकअच"	"उचिएकअच"	"भागना"	"पळून जाणे"	""	"verb"	"C1"
"uczciwy"	"ुचचिवि"	"उचचिवइ"	"[अर्थ लंबित]"	"[अर्थ प्रलंबित: honest]"	"honest"	"noun"	"B2"
"uczeń"	"ुचेञ"	"उचएञ"	"[अर्थ लंबित]"	"[अर्थ प्रलंबित: student]"	"student"	"noun"	"B1"
"uczestniczyć"	"ुचेसतनिचिच"	"उचएसतनिचइच"	"[अर्थ लंबित]"	"[अर्थ प्रलंबित: to attend]"	"to attend"	"verb"	"B1"
"uczucie"	"ुचुचिे"	"उचउचिए"	"[अर्थ लंबित]"	"[अर्थ प्रलंबित: feeling]"	"feeling"	"noun"	"A1"
"uczyć"	"ुचिच"	"उचइच"	"सिखाना"	"शिकवणे"	"to teach"	"verb"	"C1"
"uczyć się"	"ुचिच शिएं"	"उचइच शिएं"	"[अर्थ लंबित]"	"[अर्थ प्रलंबित: to learn]"	"to learn"	"noun"	"A1"
"udany"	"ुदअनि"	"उदअनइ"	"[अर्थ लंबित]"	"[अर्थ प्रलंबित: successful]"	"successful"	"noun"	"C1"
"udar mózgu"	"ुदअर मउज़गु"	"उदअर मउज़गउ"	"[अर्थ लंबित]"	"[अर्थ प्रलंबित: stroke]"	"stroke"	"noun"	"B1"
"udawać"	"ुदअवअच"	"उदअवअच"	"[अर्थ लंबित]"	"[अर्थ प्रलंबित: to pretend]"	"to pretend"	"verb"	"B1"
"uderzyć"	"ुदेझिच"	"उदएझइच"	"[अर्थ लंबित]"	"[अर्थ प्रलंबित: to strike]"	"to strike"	"verb"	"A2"
"udo"	"ुदो"	"उदओ"	"[अर्थ लंबित]"	"[अर्थ प्रलंबित: thigh]"	"thigh"	"noun"	"C1"
"udowodnić"	"ुदोवोदनिच"	"उदओवओदनिच"	"[अर्थ लंबित]"	"[अर्थ प्रलंबित: to prove]"	"to prove"	"verb"	"A2"
"ufać"	"ुफअच"	"उफअच"	"[अर्थ लंबित]"	"[अर्थ प्रलंबित: to trust]"	"to trust"	"verb"	"A2"
"ujawnić"	"ुयअवनिच"	"उयअवनिच"	"[अर्थ लंबित]"	"[अर्थ प्रलंबित: to reveal]"	"to reveal"	"verb"	"B1"
"układ"	"ुकवअद"	"उकवअद"	"[अर्थ लंबित]"	"[अर्थ प्रलंबित: arrangement]"	"arrangement"	"noun"	"B2"
"uklęknąć"	"ुकलएंकनओंच"	"उकलएंकनओंच"	"[अर्थ लंबित]"	"[अर्थ प्रलंबित: to kneel]"	"to kneel"	"noun"	"B2"
"ukłonić"	"ुकवोनिच"	"उकवओनिच"	"[अर्थ लंबित]"	"[अर्थ प्रलंबित: to bow]"	"to bow"	"verb"	"A2"
"ukryć"	"ुकरिच"	"उकरइच"	"[अर्थ लंबित]"	"[अर्थ प्रलंबित: to hide]"	"to hide"	"verb"	"A2"
"ulga"	"ुलगअ"	"उलगअ"	"[अर्थ लंबित]"	"[अर्थ प्रलंबित: relief]"	"relief"	"noun"	"B1"
"ulica"	"ुलित्सअ"	"उलइत्सअ"	"गली"	"गली"	"street"	"noun"	"C1"
"ulubiony"	"ुलुबिोनि"	"उलउबइओनइ"	"[अर्थ लंबित]"	"[अर्थ प्रलंबित: favorite]"	"favorite"	"noun"	"B2"
"ulżyć"	"ुलझिच"	"उलझइच"	"[अर्थ लंबित]"	"[अर्थ प्रलंबित: to relieve]"	"to relieve"	"verb"	"B2"
"umiejętność"	"ुमिेयएंतनोशच"	"उमइएयएंतनओशच"	"[अर्थ लंबित]"	"[अर्थ प्रलंबित: skill]"	"skill"	"noun"	"B2"
"umrzeć"	"ुमझेच"	"उमझएच"	"[अर्थ लंबित]"	"[अर्थ प्रलंबित: to die]"	"to die"	"verb"	"A1"
"umysł"	"ुमिसव"	"उमइसव"	"[अर्थ लंबित]"	"[अर्थ प्रलंबित: mind]"	"mind"	"noun"	"A1"
"umysłowy"	"ुमिसवोवि"	"उमइसवओवइ"	"[अर्थ लंबित]"	"[अर्थ प्रलंबित: mental]"	"mental"	"noun"	"C1"
"unikać"	"ुनिकअच"	"उनिकअच"	"[अर्थ लंबित]"	"[अर्थ प्रलंबित: to avoid]"	"to avoid"	"verb"	"B1"
"uniwersytet"	"ुनिवेरसितेत"	"उनिवएरसइतएत"	"विश्वविद्यालय"	"विश्वविद्यालय"	""	"noun"	"C1"
"upaść"	"ुपअशच"	"उपअशच"	"[अर्थ लंबित]"	"[अर्थ प्रलंबित: to fall]"	"to fall"	"noun"	"A1"
"uprzejmy"	"ुपझेयमि"	"उपझएयमइ"	"[अर्थ लंबित]"	"[अर्थ प्रलंबित: kind]"	"kind"	"noun"	"A1"
"ups"	"ुपस"	"उपस"	"[अर्थ लंबित]"	"[अर्थ प्रलंबित: upper]"	"upper"	"noun"	"B2"
"upuścić"	"ुपुशचिच"	"उपउशचिच"	"[अर्थ लंबित]"	"[अर्थ प्रलंबित: to drop]"	"to drop"	"verb"	"A1"
"uratować"	"ुरअतोवअच"	"उरअतओवअच"	"[अर्थ लंबित]"	"[अर्थ प्रलंबित: to rescue]"	"to rescue"	"verb"	"C1"
"uroczo"	"ुरोचो"	"उरओचओ"	"[अर्थ लंबित]"	"[अर्थ प्रलंबित: lovely]"	"lovely"	"noun"	"B1"
"urzędnik"	"ुझएंदनिक"	"उझएंदनिक"	"[अर्थ लंबित]"	"[अर्थ प्रलंबित: clerk]"	"clerk"	"noun"	"C1"
"usiąść"	"ुशिओंशच"	"उशिओंशच"	"[अर्थ लंबित]"	"[अर्थ प्रलंबित: to sit]"	"to sit"	"noun"	"A1"
"usługa"	"ुसवुगअ"	"उसवउगअ"	"[अर्थ लंबित]"	"[अर्थ प्रलंबित: service]"	"service"	"noun"	"A2"
"uśmiechać się"	"ुशमिेखअच शिएं"	"उशमइएखअच शिएं"	"[अर्थ लंबित]"	"[अर्थ प्रलंबित: to smile]"	"to smile"	"noun"	"A1"
"usprawiedliwienie"	"ुसपरअविेदलिविेनिे"	"उसपरअवइएदलइवइएनिए"	"[अर्थ लंबित]"	"[अर्थ प्रलंबित: excuse]"	"excuse"	"noun"	"B1"
"usta"	"ुसतअ"	"उसतअ"	"[अर्थ लंबित]"	"[अर्थ प्रलंबित: mouth]"	"mouth"	"noun"	"C1"
"ustalić"	"ुसतअलिच"	"उसतअलइच"	"[अर्थ लंबित]"	"[अर्थ प्रलंबित: to establish]"	"to establish"	"verb"	"B1"
"ustawić"	"ुसतअविच"	"उसतअवइच"	"[अर्थ लंबित]"	"[अर्थ प्रलंबित: to set]"	"to set"	"verb"	"A1"
"usuwać"	"ुसुवअच"	"उसउवअच"	"[अर्थ लंबित]"	"[अर्थ प्रलंबित: to remove]"	"to remove"	"verb"	"A2"
"uszkodzenie"	"ुशकोजेनिे"	"उशकओजएनिए"	"[अर्थ लंबित]"	"[अर्थ प्रलंबित: damage]"	"damage"	"noun"	"C1"
"utrzymywać"	"ुतझिमिवअच"	"उतझइमइवअच"	"[अर्थ लंबित]"	"[अर्थ प्रलंबित: to maintain]"	"to maintain"	"verb"	"C1"
"utwór"	"ुतवउर"	"उतवउर"	"[अर्थ लंबित]"	"[अर्थ प्रलंबित: track]"	"track"	"noun"	"B1"
"Uwaga"	"ुवअगअ"	"उवअगअ"	"[अर्थ लंबित]"	"[अर्थ प्रलंबित: note]"	"note"	"noun"	"A1"
"uważaj"	"ुवअझअय"	"उवअझअय"	"[अर्थ लंबित]"	"[अर्थ प्रलंबित: careful]"	"careful"	"noun"	"B1"
"uzyskać"	"ुज़िसकअच"	"उज़इसकअच"	"[अर्थ लंबित]"	"[अर्थ प्रलंबित: to obtain]"	"to obtain"	"verb"	"B2"
"używać"	"ुझिवअच"	"उझइवअच"	"[अर्थ लंबित]"	"[अर्थ प्रलंबित: to use]"	"to use"	"verb"	"A1"
"viktigheten"	"विकतिगहेतेन"	"वइकतइगहएतएन"	"[अर्थ लंबित]"	"[अर्थ प्रलंबित: importance]"	"importance"	"noun"	"B2"
"w"	"व"	"व"	"[अर्थ लंबित]"	"[अर्थ प्रलंबित: in]"	"in"	"noun"	"A1"
"w ciągu"	"व चिओंगु"	"व चिओंगउ"	"[अर्थ लंबित]"	"[अर्थ प्रलंबित: within]"	"within"	"noun"	"A1"
"w górę"	"व गउरएं"	"व गउरएं"	"[अर्थ लंबित]"	"[अर्थ प्रलंबित: up]"	"up"	"noun"	"A1"
"w jaki sposób"	"व यअकि सपोसउब"	"व यअकइ सपओसउब"	"[अर्थ लंबित]"	"[अर्थ प्रलंबित: how]"	"how"	"noun"	"A1"
"w kierunku"	"व किेरुनकु"	"व कइएरउनकउ"	"[अर्थ लंबित]"	"[अर्थ प्रलंबित: toward]"	"toward"	"noun"	"A1"
"w pełni"	"व पेवनि"	"व पएवनि"	"[अर्थ लंबित]"	"[अर्थ प्रलंबित: fully]"	"fully"	"noun"	"B1"
"w porządku"	"व पोझओंदकु"	"व पओझओंदकउ"	"[अर्थ लंबित]"	"[अर्थ प्रलंबित: fine]"	"fine"	"noun"	"A1"
"w pozycji siedzącej"	"व पोज़ित्सयि शिेजओंत्सेय"	"व पओज़इत्सयइ शिएजओंत्सएय"	"[अर्थ लंबित]"	"[अर्थ प्रलंबित: seated]"	"seated"	"noun"	"B2"
"w rzeczy samej"	"व झेचि सअमेय"	"व झएचइ सअमएय"	"[अर्थ लंबित]"	"[अर्थ प्रलंबित: indeed]"	"indeed"	"noun"	"A2"
"w szczególności"	"व श्चेगउलनोशचि"	"व श्चएगउलनओशचि"	"[अर्थ लंबित]"	"[अर्थ प्रलंबित: especially]"	"especially"	"noun"	"A2"
"w związku z tym"	"व ज़विओंज़कु ज़ तिम"	"व ज़वइओंज़कउ ज़ तइम"	"[अर्थ लंबित]"	"[अर्थ प्रलंबित: therefore]"	"therefore"	"noun"	"A2"
"waga"	"वअगअ"	"वअगअ"	"[अर्थ लंबित]"	"[अर्थ प्रलंबित: weight]"	"weight"	"noun"	"B1"
"wahać się"	"वअहअच शिएं"	"वअहअच शिएं"	"[अर्थ लंबित]"	"[अर्थ प्रलंबित: to hesitate]"	"to hesitate"	"noun"	"B1"
"walczyć"	"वअलचिच"	"वअलचइच"	"[अर्थ लंबित]"	"[अर्थ प्रलंबित: to fight]"	"to fight"	"verb"	"A1"
"walizka"	"वअलिज़कअ"	"वअलइज़कअ"	"[अर्थ लंबित]"	"[अर्थ प्रलंबित: case]"	"case"	"noun"	"A1"
"warga"	"वअरगअ"	"वअरगअ"	"[अर्थ लंबित]"	"[अर्थ प्रलंबित: lip]"	"lip"	"noun"	"A1"
"wartość"	"वअरतोशच"	"वअरतओशच"	"[अर्थ लंबित]"	"[अर्थ प्रलंबित: worth]"	"worth"	"noun"	"A2"
"wąski"	"वओंसकि"	"वओंसकइ"	"[अर्थ लंबित]"	"[अर्थ प्रलंबित: narrow]"	"narrow"	"noun"	"A2"
"wątpić"	"वओंतपिच"	"वओंतपइच"	"[अर्थ लंबित]"	"[अर्थ प्रलंबित: doubt]"	"doubt"	"verb"	"A1"
"wątroba"	"वओंतरोबअ"	"वओंतरओबअ"	"[अर्थ लंबित]"	"[अर्थ प्रलंबित]"	""	"noun"	"C1"
"ważny"	"वअझनि"	"वअझनइ"	"[अर्थ लंबित]"	"[अर्थ प्रलंबित: important]"	"important"	"noun"	"A2"
"wcześnie"	"वचेशनिे"	"वचएशनिए"	"[अर्थ लंबित]"	"[अर्थ प्रलंबित: early]"	"early"	"noun"	"A1"
"wczoraj"	"वचोरअय"	"वचओरअय"	"कल"	"काल"	"yesterday"	"noun"	"C1"
"wdzięczny"	"वजिएंचनि"	"वजिएंचनइ"	"[अर्थ लंबित]"	"[अर्थ प्रलंबित: grateful]"	"grateful"	"noun"	"C1"
"wędrować"	"वएंदरोवअच"	"वएंदरओवअच"	"[अर्थ लंबित]"	"[अर्थ प्रलंबित: to wander]"	"to wander"	"verb"	"B1"
"wejść"	"वेयशच"	"वएयशच"	"[अर्थ लंबित]"	"[अर्थ प्रलंबित: to enter]"	"to enter"	"noun"	"A1"
"wejście"	"वेयशचिे"	"वएयशचिए"	"[अर्थ लंबित]"	"[अर्थ प्रलंबित: entrance]"	"entrance"	"noun"	"B1"
"wersja"	"वेरसयअ"	"वएरसयअ"	"[अर्थ लंबित]"	"[अर्थ प्रलंबित: version]"	"version"	"noun"	"C1"
"wewnątrz"	"वेवनओंतझ"	"वएवनओंतझ"	"[अर्थ लंबित]"	"[अर्थ प्रलंबित: inside]"	"inside"	"noun"	"A1"
"węż"	"वएंझ"	"वएंझ"	"[अर्थ लंबित]"	"[अर्थ प्रलंबित]"	""	"noun"	"C1"
"wiadomość"	"विअदोमोशच"	"वइअदओमओशच"	"[अर्थ लंबित]"	"[अर्थ प्रलंबित: message]"	"message"	"noun"	"B1"
"wiara"	"विअरअ"	"वइअरअ"	"[अर्थ लंबित]"	"[अर्थ प्रलंबित: faith]"	"faith"	"noun"	"B1"
"wiatr"	"विअतर"	"वइअतर"	"[अर्थ लंबित]"	"[अर्थ प्रलंबित: wind]"	"wind"	"noun"	"C1"
"wiązać"	"विओंज़अच"	"वइओंज़अच"	"[अर्थ लंबित]"	"[अर्थ प्रलंबित: to tie]"	"to tie"	"verb"	"A2"
"widelec"	"विदेलेत्स"	"वइदएलएत्स"	"[अर्थ लंबित]"	"[अर्थ प्रलंबित]"	""	"noun"	"C1"
"widoczny"	"विदोचनि"	"वइदओचनइ"	"[अर्थ लंबित]"	"[अर्थ प्रलंबित: visible]"	"visible"	"noun"	"C1"
"widok"	"विदोक"	"वइदओक"	"[अर्थ लंबित]"	"[अर्थ प्रलंबित: sight]"	"sight"	"noun"	"A2"
"widzieć"	"विजिेच"	"वइजिएच"	"देखना"	"पहाणे"	""	"verb"	"C1"
"więc"	"विएंत्स"	"वइएंत्स"	"[अर्थ लंबित]"	"[अर्थ प्रलंबित: so]"	"so"	"noun"	"A1"
"więcej"	"विएंत्सेय"	"वइएंत्सएय"	"[अर्थ लंबित]"	"[अर्थ प्रलंबित: more]"	"more"	"noun"	"A1"
"wieczór"	"विेचउर"	"वइएचउर"	"शाम"	"संध्याकाळ"	"evening"	"noun"	"C1"
"wiedza"	"विेजअ"	"वइएजअ"	"[अर्थ लंबित]"	"[अर्थ प्रलंबित: knowledge]"	"knowledge"	"noun"	"B1"
"wiedzieć"	"विेजिेच"	"वइएजिएच"	"[अर्थ लंबित]"	"[अर्थ प्रलंबित: to know]"	"to know"	"verb"	"A1"
"wiek"	"विेक"	"वइएक"	"[अर्थ लंबित]"	"[अर्थ प्रलंबित: age]"	"age"	"noun"	"A2"
"większość"	"विएंकशोशच"	"वइएंकशओशच"	"[अर्थ लंबित]"	"[अर्थ प्रलंबित: most]"	"most"	"noun"	"A1"
"wiele"	"विेले"	"वइएलए"	"[अर्थ लंबित]"	"[अर्थ प्रलंबित: many]"	"many"	"noun"	"A1"
"wielki"	"विेलकि"	"वइएलकइ"	"[अर्थ लंबित]"	"[अर्थ प्रलंबित: grand]"	"grand"	"noun"	"C1"
"wiercić"	"विेरचिच"	"वइएरचिच"	"[अर्थ लंबित]"	"[अर्थ प्रलंबित: to bore]"	"to bore"	"verb"	"C1"
"wiersz"	"विेरश"	"वइएरश"	"[अर्थ लंबित]"	"[अर्थ प्रलंबित: row]"	"row"	"noun"	"B1"
"wierzyć"	"विेझिच"	"वइएझइच"	"[अर्थ लंबित]"	"[अर्थ प्रलंबित: to believe]"	"to believe"	"verb"	"A1"
"wieś"	"विेश"	"वइएश"	"गाँव"	"गाव"	""	"noun"	"C1"
"wieża"	"विेझअ"	"वइएझअ"	"[अर्थ लंबित]"	"[अर्थ प्रलंबित: tower]"	"tower"	"noun"	"B2"
"więzień"	"विएंज़िेञ"	"वइएंज़िएञ"	"[अर्थ लंबित]"	"[अर्थ प्रलंबित: prisoner]"	"prisoner"	"noun"	"B1"
"więzienie"	"विएंज़िेनिे"	"वइएंज़िएनिए"	"[अर्थ लंबित]"	"[अर्थ प्रलंबित: prison]"	"prison"	"noun"	"B2"
"wina"	"विनअ"	"वइनअ"	"[अर्थ लंबित]"	"[अर्थ प्रलंबित: fault]"	"fault"	"noun"	"B1"
"winić"	"विनिच"	"वइनिच"	"[अर्थ लंबित]"	"[अर्थ प्रलंबित: to blame]"	"to blame"	"verb"	"B1"
"winny"	"विननि"	"वइननइ"	"[अर्थ लंबित]"	"[अर्थ प्रलंबित: guilty]"	"guilty"	"noun"	"B2"
"wino"	"विनो"	"वइनओ"	"शराब"	"वाइन"	"wine"	"noun"	"C1"
"wioska"	"विोसकअ"	"वइओसकअ"	"[अर्थ लंबित]"	"[अर्थ प्रलंबित: village]"	"village"	"noun"	"A2"
"wiosna"	"विोसनअ"	"वइओसनअ"	"वसंत"	"वसंत"	"spring"	"noun"	"C1"
"wirować"	"विरोवअच"	"वइरओवअच"	"[अर्थ लंबित]"	"[अर्थ प्रलंबित: to spin]"	"to spin"	"verb"	"B2"
"witam"	"वितअम"	"वइतअम"	"[अर्थ लंबित]"	"[अर्थ प्रलंबित: welcome]"	"welcome"	"noun"	"B1"
"wizja"	"विज़यअ"	"वइज़यअ"	"[अर्थ लंबित]"	"[अर्थ प्रलंबित: vision]"	"vision"	"noun"	"B1"
"wkrótce"	"वकरउतत्से"	"वकरउतत्सए"	"[अर्थ लंबित]"	"[अर्थ प्रलंबित: soon]"	"soon"	"noun"	"A1"
"właściciel"	"ववअशचिचिेल"	"ववअशचिचिएल"	"[अर्थ लंबित]"	"[अर्थ प्रलंबित: owner]"	"owner"	"noun"	"B2"
"właśnie"	"ववअशनिे"	"ववअशनिए"	"[अर्थ लंबित]"	"[अर्थ प्रलंबित: just]"	"just"	"noun"	"A1"
"wlewać"	"वलेवअच"	"वलएवअच"	"[अर्थ लंबित]"	"[अर्थ प्रलंबित: to pour]"	"to pour"	"verb"	"A2"
"włoski"	"ववोसकि"	"ववओसकइ"	"[अर्थ लंबित]"	"[अर्थ प्रलंबित: Italian]"	"Italian"	"noun"	"B2"
"włosy"	"ववोसि"	"ववओसइ"	"[अर्थ लंबित]"	"[अर्थ प्रलंबित: hair]"	"hair"	"noun"	"C1"
"woda"	"वोदअ"	"वोदा"	"पानी"	"पाणी"	"water"	"noun"	"C1"
"wojna"	"वोयनअ"	"वओयनअ"	"[अर्थ लंबित]"	"[अर्थ प्रलंबित: war]"	"war"	"noun"	"A1"
"wojownik"	"वोयोवनिक"	"वओयओवनिक"	"[अर्थ लंबित]"	"[अर्थ प्रलंबित: warrior]"	"warrior"	"noun"	"C1"
"wojskowy"	"वोयसकोवि"	"वओयसकओवइ"	"[अर्थ लंबित]"	"[अर्थ प्रलंबित: military]"	"military"	"noun"	"B1"
"wolę"	"वोलएं"	"वओलएं"	"[अर्थ लंबित]"	"[अर्थ प्रलंबित: to prefer]"	"to prefer"	"noun"	"B1"
"wolność"	"वोलनोशच"	"वओलनओशच"	"[अर्थ लंबित]"	"[अर्थ प्रलंबित: freedom]"	"freedom"	"noun"	"B2"
"wolny"	"वोलनि"	"वओलनइ"	"[अर्थ लंबित]"	"[अर्थ प्रलंबित: free]"	"free"	"noun"	"A1"
"wóz"	"वउज़"	"वउज़"	"[अर्थ लंबित]"	"[अर्थ प्रलंबित: wagon]"	"wagon"	"noun"	"B2"
"wpływ"	"वपविव"	"वपवइव"	"[अर्थ लंबित]"	"[अर्थ प्रलंबित: influence]"	"influence"	"noun"	"B1"
"wpływać"	"वपविवअच"	"वपवइवअच"	"[अर्थ लंबित]"	"[अर्थ प्रलंबित: to affect]"	"to affect"	"verb"	"B2"
"wprowadzić"	"वपरोवअजिच"	"वपरओवअजिच"	"[अर्थ लंबित]"	"[अर्थ प्रलंबित: to introduce]"	"to introduce"	"verb"	"B1"
"wracać"	"वरअत्सअच"	"वरअत्सअच"	"[अर्थ लंबित]"	"[अर्थ प्रलंबित: to return]"	"to return"	"verb"	"A1"
"wrażenie"	"वरअझेनिे"	"वरअझएनिए"	"[अर्थ लंबित]"	"[अर्थ प्रलंबित: impression]"	"impression"	"noun"	"B2"
"Wreszcie"	"वरेशचिे"	"वरएशचिए"	"[अर्थ लंबित]"	"[अर्थ प्रलंबित: finally]"	"finally"	"noun"	"A2"
"wróg"	"वरउग"	"वरउग"	"[अर्थ लंबित]"	"[अर्थ प्रलंबित: enemy]"	"enemy"	"noun"	"A2"
"wrzesień"	"वझेशिेञ"	"वझएशिएञ"	"सितंबर"	"सप्टेंबर"	""	"noun"	"C1"
"wschód"	"वसखउद"	"वसखउद"	"[अर्थ लंबित]"	"[अर्थ प्रलंबित: east]"	"east"	"noun"	"B2"
"wskazać"	"वसकअज़अच"	"वसकअज़अच"	"[अर्थ लंबित]"	"[अर्थ प्रलंबित: to indicate]"	"to indicate"	"verb"	"B1"
"wskazówka"	"वसकअज़उवकअ"	"वसकअज़उवकअ"	"[अर्थ लंबित]"	"[अर्थ प्रलंबित: tip]"	"tip"	"noun"	"B2"
"wspierać"	"वसपिेरअच"	"वसपइएरअच"	"[अर्थ लंबित]"	"[अर्थ प्रलंबित: to support]"	"to support"	"verb"	"A2"
"wspinać się"	"वसपिनअच शिएं"	"वसपइनअच शिएं"	"[अर्थ लंबित]"	"[अर्थ प्रलंबित: to climb]"	"to climb"	"noun"	"A2"
"współczucie"	"वसपउवचुचिे"	"वसपउवचउचिए"	"[अर्थ लंबित]"	"[अर्थ प्रलंबित: sympathy]"	"sympathy"	"noun"	"C1"
"wspomnieć"	"वसपोमनिेच"	"वसपओमनिएच"	"[अर्थ लंबित]"	"[अर्थ प्रलंबित: to mention]"	"to mention"	"verb"	"A2"
"wstrząsnąć"	"वसतझओंसनओंच"	"वसतझओंसनओंच"	"[अर्थ लंबित]"	"[अर्थ प्रलंबित: to shake]"	"to shake"	"noun"	"A1"
"wstyd"	"वसतिद"	"वसतइद"	"[अर्थ लंबित]"	"[अर्थ प्रलंबित: shame]"	"shame"	"noun"	"B2"
"wszędzie"	"वशएंजिे"	"वशएंजिए"	"[अर्थ लंबित]"	"[अर्थ प्रलंबित: everywhere]"	"everywhere"	"noun"	"B2"
"wszyscy"	"वशिसत्सि"	"वशइसत्सइ"	"[अर्थ लंबित]"	"[अर्थ प्रलंबित: everybody]"	"everybody"	"noun"	"B1"
"wszystko"	"वशिसतको"	"वशइसतकओ"	"[अर्थ लंबित]"	"[अर्थ प्रलंबित: all]"	"all"	"noun"	"A1"
"wtorek"	"वतोरेक"	"व्तोरेक"	"मंगलवार"	"मंगळवार"	""	"noun"	"C1"
"wujek"	"वुयेक"	"वउयएक"	"[अर्थ लंबित]"	"[अर्थ प्रलंबित: uncle]"	"uncle"	"noun"	"B1"
"wybaczyć"	"विबअचिच"	"वइबअचइच"	"[अर्थ लंबित]"	"[अर्थ प्रलंबित: to forgive]"	"to forgive"	"verb"	"B2"
"wybierać"	"विबिेरअच"	"वइबइएरअच"	"[अर्थ लंबित]"	"[अर्थ प्रलंबित: to choose]"	"to choose"	"verb"	"A2"
"wybór"	"विबउर"	"वइबउर"	"[अर्थ लंबित]"	"[अर्थ प्रलंबित: choice]"	"choice"	"noun"	"B1"
"wybrzeże"	"विबझेझे"	"वइबझएझए"	"[अर्थ लंबित]"	"[अर्थ प्रलंबित: coast]"	"coast"	"noun"	"C1"
"wychodzić"	"विखोजिच"	"वइखओजिच"	"[अर्थ लंबित]"	"[अर्थ प्रलंबित]"	""	"verb"	"C1"
"wycieczka"	"विचिेचकअ"	"वइचिएचकअ"	"[अर्थ लंबित]"	"[अर्थ प्रलंबित: trip]"	"trip"	"noun"	"A2"
"wycofać się"	"वित्सोफअच शिएं"	"वइत्सओफअच शिएं"	"[अर्थ लंबित]"	"[अर्थ प्रलंबित: to retreat]"	"to retreat"	"noun"	"B2"
"wyczerpać"	"विचेरपअच"	"वइचएरपअच"	"[अर्थ लंबित]"	"[अर्थ प्रलंबित: to exhaust]"	"to exhaust"	"verb"	"C1"
"wydać"	"विदअच"	"वइदअच"	"[अर्थ लंबित]"	"[अर्थ प्रलंबित: to spend]"	"to spend"	"verb"	"A1"
"wydarzyć się"	"विदअझिच शिएं"	"वइदअझइच शिएं"	"[अर्थ लंबित]"	"[अर्थ प्रलंबित: to happen]"	"to happen"	"noun"	"A1"
"wydawać się"	"विदअवअच शिएं"	"वइदअवअच शिएं"	"[अर्थ लंबित]"	"[अर्थ प्रलंबित: to seem]"	"to seem"	"noun"	"A1"
"wygląd"	"विगलओंद"	"वइगलओंद"	"[अर्थ लंबित]"	"[अर्थ प्रलंबित: appearance]"	"appearance"	"noun"	"B1"
"wygodne"	"विगोदने"	"वइगओदनए"	"[अर्थ लंबित]"	"[अर्थ प्रलंबित: comfortable]"	"comfortable"	"noun"	"B2"
"wygrać"	"विगरअच"	"वइगरअच"	"[अर्थ लंबित]"	"[अर्थ प्रलंबित: to win]"	"to win"	"verb"	"A2"
"wyjaśnienie"	"वियअशनिेनिे"	"वइयअशनिएनिए"	"[अर्थ लंबित]"	"[अर्थ प्रलंबित: explanation]"	"explanation"	"noun"	"B2"
"wykonać"	"विकोनअच"	"वइकओनअच"	"[अर्थ लंबित]"	"[अर्थ प्रलंबित: to perform]"	"to perform"	"verb"	"B2"
"wykorzystać"	"विकोझिसतअच"	"वइकओझइसतअच"	"[अर्थ लंबित]"	"[अर्थ प्रलंबित: to seize]"	"to seize"	"verb"	"B2"
"wylądować"	"विलओंदोवअच"	"वइलओंदओवअच"	"[अर्थ लंबित]"	"[अर्थ प्रलंबित: land]"	"land"	"verb"	"A1"
"wyłonić się"	"विवोनिच शिएं"	"वइवओनिच शिएं"	"[अर्थ लंबित]"	"[अर्थ प्रलंबित: to emerge]"	"to emerge"	"noun"	"B2"
"wymagać"	"विमअगअच"	"वइमअगअच"	"[अर्थ लंबित]"	"[अर्थ प्रलंबित: to require]"	"to require"	"verb"	"B1"
"wynik"	"विनिक"	"वइनिक"	"[अर्थ लंबित]"	"[अर्थ प्रलंबित: result]"	"result"	"noun"	"A2"
"wyobrazić"	"विोबरअज़िच"	"वइओबरअज़िच"	"[अर्थ लंबित]"	"[अर्थ प्रलंबित: to imagine]"	"to imagine"	"verb"	"A2"
"wyobraźnia"	"विोबरअज़निअ"	"वइओबरअज़निअ"	"[अर्थ लंबित]"	"[अर्थ प्रलंबित: imagination]"	"imagination"	"noun"	"B2"
"wypadek"	"विपअदेक"	"वइपअदएक"	"[अर्थ लंबित]"	"[अर्थ प्रलंबित: accident]"	"accident"	"noun"	"B2"
"wypełnić"	"विपेवनिच"	"वइपएवनिच"	"[अर्थ लंबित]"	"[अर्थ प्रलंबित: to fill]"	"to fill"	"verb"	"A1"
"wypowiadać"	"विपोविअदअच"	"वइपओवइअदअच"	"[अर्थ लंबित]"	"[अर्थ प्रलंबित: to utter]"	"to utter"	"verb"	"B2"
"wyrażenie"	"विरअझेनिे"	"वइरअझएनिए"	"[अर्थ लंबित]"	"[अर्थ प्रलंबित: expression]"	"expression"	"noun"	"A2"
"wyrazić"	"विरअज़िच"	"वइरअज़िच"	"[अर्थ लंबित]"	"[अर्थ प्रलंबित: to express]"	"to express"	"verb"	"B1"
"wyraźnie"	"विरअज़निे"	"वइरअज़निए"	"[अर्थ लंबित]"	"[अर्थ प्रलंबित: clearly]"	"clearly"	"noun"	"B1"
"wyścig"	"विशचिग"	"वइशचिग"	"[अर्थ लंबित]"	"[अर्थ प्रलंबित: race]"	"race"	"noun"	"A2"
"wysiłek"	"विशिवेक"	"वइशिवएक"	"[अर्थ लंबित]"	"[अर्थ प्रलंबित: effort]"	"effort"	"noun"	"A2"
"wysoki"	"विसोकि"	"वइसओकइ"	"लंबा"	"उंच"	"high"	"noun"	"C1"
"wysoko"	"विसोको"	"वइसओकओ"	"[अर्थ लंबित]"	"[अर्थ प्रलंबित: highly]"	"highly"	"noun"	"C1"
"wysokość"	"विसोकोशच"	"वइसओकओशच"	"[अर्थ लंबित]"	"[अर्थ प्रलंबित: height]"	"height"	"noun"	"B2"
"wyspa"	"विसपअ"	"वइसपअ"	"[अर्थ लंबित]"	"[अर्थ प्रलंबित: island]"	"island"	"noun"	"B1"
"wystąpić"	"विसतओंपिच"	"वइसतओंपइच"	"[अर्थ लंबित]"	"[अर्थ प्रलंबित: to occur]"	"to occur"	"verb"	"B1"
"wysyłać"	"विसिवअच"	"वइसइवअच"	"भेजना"	"पाठवणे"	"to send"	"verb"	"C1"
"wytłumaczyć"	"वितवुमअचिच"	"वइतवउमअचइच"	"[अर्थ लंबित]"	"[अर्थ प्रलंबित: to explain]"	"to explain"	"verb"	"A1"
"wytrzeć"	"वितझेच"	"वइतझएच"	"[अर्थ लंबित]"	"[अर्थ प्रलंबित: to wipe]"	"to wipe"	"verb"	"B1"
"wywiad"	"विविअद"	"वइवइअद"	"[अर्थ लंबित]"	"[अर्थ प्रलंबित: interview]"	"interview"	"noun"	"B2"
"wyzwanie"	"विज़वअनिे"	"वइज़वअनिए"	"[अर्थ लंबित]"	"[अर्थ प्रलंबित: challenge]"	"challenge"	"noun"	"B2"
"wzdłuż"	"वज़दवुझ"	"वज़दवउझ"	"[अर्थ लंबित]"	"[अर्थ प्रलंबित: along]"	"along"	"noun"	"A1"
"wzdychać"	"वज़दिखअच"	"वज़दइखअच"	"[अर्थ लंबित]"	"[अर्थ प्रलंबित: to sigh]"	"to sigh"	"verb"	"A2"
"wzgórze"	"वज़गउझे"	"वज़गउझए"	"[अर्थ लंबित]"	"[अर्थ प्रलंबित: hill]"	"hill"	"noun"	"A2"
"wziąć"	"वज़िओंच"	"वज़िओंच"	"लेना"	"घेणे"	""	"noun"	"C1"
"wzorzec"	"वज़ोझेत्स"	"वज़ओझएत्स"	"[अर्थ लंबित]"	"[अर्थ प्रलंबित: pattern]"	"pattern"	"noun"	"B2"
"wzruszyć ramionami"	"वज़रुशिच रअमिोनअमि"	"वज़रउशइच रअमइओनअमइ"	"[अर्थ लंबित]"	"[अर्थ प्रलंबित: to shrug]"	"to shrug"	"noun"	"A2"
"wzywać"	"वज़िवअच"	"वज़इवअच"	"बुलाना"	"बोलावणे"	""	"verb"	"C1"
"z"	"ज़"	"ज़"	"[अर्थ लंबित]"	"[अर्थ प्रलंबित: of]"	"of"	"noun"	"A1"
"z dala"	"ज़ दअलअ"	"ज़ दअलअ"	"[अर्थ लंबित]"	"[अर्थ प्रलंबित: away]"	"away"	"noun"	"A1"
"z łatwością"	"ज़ वअतवोशचिओं"	"ज़ वअतवओशचिओं"	"[अर्थ लंबित]"	"[अर्थ प्रलंबित: easily]"	"easily"	"noun"	"A2"
"z powrotem"	"ज़ पोवरोतेम"	"ज़ पओवरओतएम"	"[अर्थ लंबित]"	"[अर्थ प्रलंबित: back]"	"back"	"noun"	"A1"
"z przodu"	"ज़ पझोदु"	"ज़ पझओदउ"	"[अर्थ लंबित]"	"[अर्थ प्रलंबित: front]"	"front"	"noun"	"A1"
"z wyjątkiem"	"ज़ वियओंतकिेम"	"ज़ वइयओंतकइएम"	"[अर्थ लंबित]"	"[अर्थ प्रलंबित: except]"	"except"	"noun"	"A2"
"za"	"ज़अ"	"ज़अ"	"[अर्थ लंबित]"	"[अर्थ प्रलंबित: a]"	"a"	"noun"	"A1"
"za chwilę"	"ज़अ खविलएं"	"ज़अ खवइलएं"	"[अर्थ लंबित]"	"[अर्थ प्रलंबित: moment]"	"moment"	"noun"	"A1"
"zaangażować"	"ज़अअनगअझोवअच"	"ज़अअनगअझओवअच"	"[अर्थ लंबित]"	"[अर्थ प्रलंबित: to involve]"	"to involve"	"verb"	"A2"
"ząb"	"ज़ओंब"	"ज़ओंब"	"[अर्थ लंबित]"	"[अर्थ प्रलंबित: tooth]"	"tooth"	"noun"	"A2"
"żaba"	"झअबअ"	"झअबअ"	"[अर्थ लंबित]"	"[अर्थ प्रलंबित]"	""	"noun"	"C1"
"zabawa"	"ज़अबअवअ"	"ज़अबअवअ"	"[अर्थ लंबित]"	"[अर्थ प्रलंबित: fun]"	"fun"	"noun"	"B1"
"zabawne"	"ज़अबअवने"	"ज़अबअवनए"	"[अर्थ लंबित]"	"[अर्थ प्रलंबित: funny]"	"funny"	"noun"	"B2"
"zabezpieczyć"	"ज़अबेज़पिेचिच"	"ज़अबएज़पइएचइच"	"[अर्थ लंबित]"	"[अर्थ प्रलंबित: to secure]"	"to secure"	"verb"	"B2"
"zabić"	"ज़अबिच"	"ज़अबइच"	"[अर्थ लंबित]"	"[अर्थ प्रलंबित: to kill]"	"to kill"	"verb"	"A1"
"zabierać"	"ज़अबिेरअच"	"ज़अबइएरअच"	"[अर्थ लंबित]"	"[अर्थ प्रलंबित]"	""	"verb"	"C1"
"zablokować"	"ज़अबलोकोवअच"	"ज़अबलओकओवअच"	"[अर्थ लंबित]"	"[अर्थ प्रलंबित: to lock]"	"to lock"	"verb"	"A2"
"zabrać"	"ज़अबरअच"	"ज़अबरअच"	"ले जाना"	"घेऊन जाणे"	""	"verb"	"C1"
"zachęcać"	"ज़अखएंत्सअच"	"ज़अखएंत्सअच"	"[अर्थ लंबित]"	"[अर्थ प्रलंबित: to encourage]"	"to encourage"	"verb"	"C1"
"zachód"	"ज़अखउद"	"ज़अखउद"	"[अर्थ लंबित]"	"[अर्थ प्रलंबित: west]"	"west"	"noun"	"B2"
"zacząć"	"ज़अचओंच"	"ज़अचओंच"	"[अर्थ लंबित]"	"[अर्थ प्रलंबित: to begin]"	"to begin"	"noun"	"A1"
"zadanie"	"ज़अदअनिे"	"ज़अदअनिए"	"[अर्थ लंबित]"	"[अर्थ प्रलंबित: task]"	"task"	"noun"	"B1"
"zadeklarować"	"ज़अदेकलअरोवअच"	"ज़अदएकलअरओवअच"	"[अर्थ लंबित]"	"[अर्थ प्रलंबित: to declare]"	"to declare"	"verb"	"B1"
"Żaden"	"झअदेन"	"झअदएन"	"[अर्थ लंबित]"	"[अर्थ प्रलंबित: none]"	"none"	"noun"	"A2"
"zadowolony"	"ज़अदोवोलोनि"	"ज़अदओवओलओनइ"	"[अर्थ लंबित]"	"[अर्थ प्रलंबित: glad]"	"glad"	"noun"	"A2"
"zadzwonić"	"ज़अजवोनिच"	"ज़अजवओनिच"	"[अर्थ लंबित]"	"[अर्थ प्रलंबित: to call]"	"to call"	"verb"	"A1"
"zagrożenie"	"ज़अगरोझेनिे"	"ज़अगरओझएनिए"	"[अर्थ लंबित]"	"[अर्थ प्रलंबित: danger]"	"danger"	"noun"	"B1"
"zaimponować"	"ज़अिमपोनोवअच"	"ज़अइमपओनओवअच"	"[अर्थ लंबित]"	"[अर्थ प्रलंबित: to impress]"	"to impress"	"verb"	"C1"
"zainteresowanie"	"ज़अिनतेरेसोवअनिे"	"ज़अइनतएरएसओवअनिए"	"[अर्थ लंबित]"	"[अर्थ प्रलंबित: interest]"	"interest"	"noun"	"A1"
"zajęty"	"ज़अयएंति"	"ज़अयएंतइ"	"[अर्थ लंबित]"	"[अर्थ प्रलंबित: busy]"	"busy"	"noun"	"B1"
"zajmować"	"ज़अयमोवअच"	"ज़अयमओवअच"	"[अर्थ लंबित]"	"[अर्थ प्रलंबित: to occupy]"	"to occupy"	"verb"	"B2"
"zakładka"	"ज़अकवअदकअ"	"ज़अकवअदकअ"	"[अर्थ लंबित]"	"[अर्थ प्रलंबित: lap]"	"lap"	"noun"	"B2"
"zaklęcie"	"ज़अकलएंचिे"	"ज़अकलएंचिए"	"[अर्थ लंबित]"	"[अर्थ प्रलंबित: spell]"	"spell"	"noun"	"B2"
"żal"	"झअल"	"झअल"	"[अर्थ लंबित]"	"[अर्थ प्रलंबित: grief]"	"grief"	"noun"	"B2"
"załoga"	"ज़अवोगअ"	"ज़अवओगअ"	"[अर्थ लंबित]"	"[अर्थ प्रलंबित: crew]"	"crew"	"noun"	"B2"
"żałować"	"झअवोवअच"	"झअवओवअच"	"[अर्थ लंबित]"	"[अर्थ प्रलंबित: to regret]"	"to regret"	"verb"	"B2"
"założyć"	"ज़अवोझिच"	"ज़अवओझइच"	"[अर्थ लंबित]"	"[अर्थ प्रलंबित: to assume]"	"to assume"	"verb"	"B1"
"zamartwiać się"	"ज़अमअरतविअच शिएं"	"ज़अमअरतवइअच शिएं"	"[अर्थ लंबित]"	"[अर्थ प्रलंबित: to concern]"	"to concern"	"noun"	"A2"
"zamek"	"ज़अमेक"	"ज़अमएक"	"[अर्थ लंबित]"	"[अर्थ प्रलंबित: castle]"	"castle"	"noun"	"B2"
"zamiar"	"ज़अमिअर"	"ज़अमइअर"	"[अर्थ लंबित]"	"[अर्थ प्रलंबित: intention]"	"intention"	"noun"	"B2"
"zamiast"	"ज़अमिअसत"	"ज़अमइअसत"	"[अर्थ लंबित]"	"[अर्थ प्रलंबित: instead]"	"instead"	"noun"	"A2"
"zamiatać"	"ज़अमिअतअच"	"ज़अमइअतअच"	"[अर्थ लंबित]"	"[अर्थ प्रलंबित: to sweep]"	"to sweep"	"verb"	"B1"
"zamieszanie"	"ज़अमिेशअनिे"	"ज़अमइएशअनिए"	"[अर्थ लंबित]"	"[अर्थ प्रलंबित: confusion]"	"confusion"	"noun"	"C1"
"zamknąć"	"ज़अमकनओंच"	"ज़अमकनओंच"	"[अर्थ लंबित]"	"[अर्थ प्रलंबित: to close]"	"to close"	"noun"	"A1"
"zamówienie"	"ज़अमउविेनिे"	"ज़अमउवइएनिए"	"[अर्थ लंबित]"	"[अर्थ प्रलंबित: order]"	"order"	"noun"	"A1"
"zamrozić"	"ज़अमरोज़िच"	"ज़अमरओज़िच"	"[अर्थ लंबित]"	"[अर्थ प्रलंबित: to freeze]"	"to freeze"	"verb"	"B2"
"zanikać"	"ज़अनिकअच"	"ज़अनिकअच"	"[अर्थ लंबित]"	"[अर्थ प्रलंबित: to fade]"	"to fade"	"verb"	"B2"
"zaoferować"	"ज़अोफेरोवअच"	"ज़अओफएरओवअच"	"[अर्थ लंबित]"	"[अर्थ प्रलंबित: to offer]"	"to offer"	"verb"	"A2"
"zapach"	"ज़अपअख"	"ज़अपअख"	"[अर्थ लंबित]"	"[अर्थ प्रलंबित: scent]"	"scent"	"noun"	"C1"
"zapamiętać"	"ज़अपअमिएंतअच"	"ज़अपअमइएंतअच"	"[अर्थ लंबित]"	"[अर्थ प्रलंबित: to remember]"	"to remember"	"verb"	"A1"
"zapewnić"	"ज़अपेवनिच"	"ज़अपएवनिच"	"[अर्थ लंबित]"	"[अर्थ प्रलंबित: to provide]"	"to provide"	"verb"	"A2"
"zapisać"	"ज़अपिसअच"	"ज़अपइसअच"	"[अर्थ लंबित]"	"[अर्थ प्रलंबित: to save]"	"to save"	"verb"	"A2"
"zapobiegać"	"ज़अपोबिेगअच"	"ज़अपओबइएगअच"	"[अर्थ लंबित]"	"[अर्थ प्रलंबित: to prevent]"	"to prevent"	"verb"	"B1"
"zapomnieć"	"ज़अपोमनिेच"	"ज़अपओमनिएच"	"भूल जाना"	"विसरणे"	"to forget"	"verb"	"C1"
"zaproponować"	"ज़अपरोपोनोवअच"	"ज़अपरओपओनओवअच"	"सुझाव देना"	"सूचित करणे"	"to propose"	"verb"	"C1"
"zaprosić"	"ज़अपरोशिच"	"ज़अपरओशिच"	"[अर्थ लंबित]"	"[अर्थ प्रलंबित: to invite]"	"to invite"	"verb"	"B1"
"zaprzeczyć"	"ज़अपझेचिच"	"ज़अपझएचइच"	"[अर्थ लंबित]"	"[अर्थ प्रलंबित: to deny]"	"to deny"	"verb"	"B1"
"zapukać"	"ज़अपुकअच"	"ज़अपउकअच"	"[अर्थ लंबित]"	"[अर्थ प्रलंबित: to knock]"	"to knock"	"verb"	"A2"
"zapytać"	"ज़अपितअच"	"ज़अपइतअच"	"[अर्थ लंबित]"	"[अर्थ प्रलंबित: to ask]"	"to ask"	"verb"	"A1"
"zarabiać"	"ज़अरअबिअच"	"ज़अरअबइअच"	"[अर्थ लंबित]"	"[अर्थ प्रलंबित: to earn]"	"to earn"	"verb"	"C1"
"zarówno"	"ज़अरउवनो"	"ज़अरउवनओ"	"[अर्थ लंबित]"	"[अर्थ प्रलंबित: either]"	"either"	"noun"	"A1"
"żart"	"झअरत"	"झअरत"	"[अर्थ लंबित]"	"[अर्थ प्रलंबित: joke]"	"joke"	"noun"	"B1"
"zaryzykować"	"ज़अरिज़िकोवअच"	"ज़अरइज़इकओवअच"	"[अर्थ लंबित]"	"[अर्थ प्रलंबित: to venture]"	"to venture"	"verb"	"C1"
"zarządzać"	"ज़अझओंजअच"	"ज़अझओंजअच"	"[अर्थ लंबित]"	"[अर्थ प्रलंबित: to manage]"	"to manage"	"verb"	"A2"
"zasada"	"ज़असअदअ"	"ज़असअदअ"	"[अर्थ लंबित]"	"[अर्थ प्रलंबित: principle]"	"principle"	"noun"	"B2"
"zasięg"	"ज़अशिएंग"	"ज़अशिएंग"	"[अर्थ लंबित]"	"[अर्थ प्रलंबित: range]"	"range"	"noun"	"B2"
"zaskoczyć"	"ज़असकोचिच"	"ज़असकओचइच"	"[अर्थ लंबित]"	"[अर्थ प्रलंबित: to surprise]"	"to surprise"	"verb"	"A1"
"zasługiwać"	"ज़असवुगिवअच"	"ज़असवउगइवअच"	"[अर्थ लंबित]"	"[अर्थ प्रलंबित: to deserve]"	"to deserve"	"verb"	"B2"
"zaspokoić"	"ज़असपोकोिच"	"ज़असपओकओइच"	"[अर्थ लंबित]"	"[अर्थ प्रलंबित: to satisfy]"	"to satisfy"	"verb"	"B1"
"zastanawiać się"	"ज़असतअनअविअच शिएं"	"ज़असतअनअवइअच शिएं"	"[अर्थ लंबित]"	"[अर्थ प्रलंबित: to wonder]"	"to wonder"	"noun"	"A1"
"zastąpić"	"ज़असतओंपिच"	"ज़असतओंपइच"	"[अर्थ लंबित]"	"[अर्थ प्रलंबित: to replace]"	"to replace"	"verb"	"B2"
"zaszokować"	"ज़अशोकोवअच"	"ज़अशओकओवअच"	"[अर्थ लंबित]"	"[अर्थ प्रलंबित: shock]"	"shock"	"verb"	"B1"
"zatrudnić"	"ज़अतरुदनिच"	"ज़अतरउदनिच"	"[अर्थ लंबित]"	"[अर्थ प्रलंबित: to hire]"	"to hire"	"verb"	"C1"
"zatrzymać"	"ज़अतझिमअच"	"ज़अतझइमअच"	"[अर्थ लंबित]"	"[अर्थ प्रलंबित: to stop]"	"to stop"	"verb"	"A1"
"zatwierdzić"	"ज़अतविेरजिच"	"ज़अतवइएरजिच"	"[अर्थ लंबित]"	"[अर्थ प्रलंबित: to commit]"	"to commit"	"verb"	"B2"
"zaufanie"	"ज़अुफअनिे"	"ज़अउफअनिए"	"[अर्थ लंबित]"	"[अर्थ प्रलंबित: confidence]"	"confidence"	"noun"	"B2"
"zauważyć"	"ज़अुवअझिच"	"ज़अउवअझइच"	"[अर्थ लंबित]"	"[अर्थ प्रलंबित: to notice]"	"to notice"	"verb"	"A1"
"zawierać"	"ज़अविेरअच"	"ज़अवइएरअच"	"[अर्थ लंबित]"	"[अर्थ प्रलंबित: to contain]"	"to contain"	"verb"	"B1"
"zawiesić"	"ज़अविेशिच"	"ज़अवइएशिच"	"[अर्थ लंबित]"	"[अर्थ प्रलंबित: to hang]"	"to hang"	"verb"	"A1"
"zawinąć"	"ज़अविनओंच"	"ज़अवइनओंच"	"[अर्थ लंबित]"	"[अर्थ प्रलंबित: to wrap]"	"to wrap"	"noun"	"B1"
"zawrzeć"	"ज़अवझेच"	"ज़अवझएच"	"[अर्थ लंबित]"	"[अर्थ प्रलंबित: to include]"	"to include"	"verb"	"B1"
"zawsze"	"ज़अवशे"	"ज़अवशए"	"[अर्थ लंबित]"	"[अर्थ प्रलंबित: always]"	"always"	"noun"	"A1"
"zaznaczać"	"ज़अज़नअचअच"	"ज़अज़नअचअच"	"[अर्थ लंबित]"	"[अर्थ प्रलंबित: to mark]"	"to mark"	"verb"	"A2"
"zazwyczaj"	"ज़अज़विचअय"	"ज़अज़वइचअय"	"[अर्थ लंबित]"	"[अर्थ प्रलंबित: usually]"	"usually"	"noun"	"A2"
"zbadać"	"ज़बअदअच"	"ज़बअदअच"	"[अर्थ लंबित]"	"[अर्थ प्रलंबित: to examine]"	"to examine"	"verb"	"B1"
"zbierać"	"ज़बिेरअच"	"ज़बइएरअच"	"[अर्थ लंबित]"	"[अर्थ प्रलंबित: to collect]"	"to collect"	"verb"	"B2"
"zboże"	"ज़बोझे"	"ज़बओझए"	"[अर्थ लंबित]"	"[अर्थ प्रलंबित]"	""	"noun"	"C1"
"zbyt"	"ज़बित"	"ज़बइत"	"[अर्थ लंबित]"	"[अर्थ प्रलंबित: too]"	"too"	"noun"	"A1"
"zdać"	"ज़दअच"	"ज़दअच"	"[अर्थ लंबित]"	"[अर्थ प्रलंबित: to pass]"	"to pass"	"verb"	"A1"
"zdać sobie sprawę"	"ज़दअच सोबिे सपरअवएं"	"ज़दअच सओबइए सपरअवएं"	"[अर्थ लंबित]"	"[अर्थ प्रलंबित: to realize]"	"to realize"	"noun"	"A1"
"zdanie"	"ज़दअनिे"	"ज़दअनिए"	"[अर्थ लंबित]"	"[अर्थ प्रलंबित: sentence]"	"sentence"	"noun"	"B2"
"zdarzenie"	"ज़दअझेनिे"	"ज़दअझएनिए"	"[अर्थ लंबित]"	"[अर्थ प्रलंबित: event]"	"event"	"noun"	"A2"
"zdecydować"	"ज़देत्सिदोवअच"	"ज़दएत्सइदओवअच"	"[अर्थ लंबित]"	"[अर्थ प्रलंबित: to decide]"	"to decide"	"verb"	"A1"
"zdenerwować"	"ज़देनेरवोवअच"	"ज़दएनएरवओवअच"	"[अर्थ लंबित]"	"[अर्थ प्रलंबित: to upset]"	"to upset"	"verb"	"B2"
"zdesperowany"	"ज़देसपेरोवअनि"	"ज़दएसपएरओवअनइ"	"[अर्थ लंबित]"	"[अर्थ प्रलंबित: desperate]"	"desperate"	"noun"	"C1"
"Zdjęcie"	"ज़दयएंचिे"	"ज़दयएंचिए"	"[अर्थ लंबित]"	"[अर्थ प्रलंबित: stock]"	"stock"	"noun"	"B2"
"zdobyć"	"ज़दोबिच"	"ज़दओबइच"	"[अर्थ लंबित]"	"[अर्थ प्रलंबित: to get]"	"to get"	"verb"	"A1"
"zdolny"	"ज़दोलनि"	"ज़दओलनइ"	"[अर्थ लंबित]"	"[अर्थ प्रलंबित: able]"	"able"	"noun"	"A1"
"zdradzić"	"ज़दरअजिच"	"ज़दरअजिच"	"[अर्थ लंबित]"	"[अर्थ प्रलंबित: to betray]"	"to betray"	"verb"	"C1"
"zdrowie"	"ज़दरोविे"	"ज़दरओवइए"	"[अर्थ लंबित]"	"[अर्थ प्रलंबित: health]"	"health"	"noun"	"B2"
"zdzbań"	"ज़जबअञ"	"ज़जबअञ"	"[अर्थ लंबित]"	"[अर्थ प्रलंबित]"	""	"noun"	"C1"
"że"	"झे"	"झए"	"[अर्थ लंबित]"	"[अर्थ प्रलंबित: that]"	"that"	"noun"	"A1"
"zebrać"	"ज़ेबरअच"	"ज़एबरअच"	"[अर्थ लंबित]"	"[अर्थ प्रलंबित: to gather]"	"to gather"	"verb"	"A2"
"zęby"	"ज़एंबि"	"ज़एंबइ"	"[अर्थ लंबित]"	"[अर्थ प्रलंबित]"	""	"noun"	"C1"
"zegar"	"ज़ेगअर"	"ज़एगअर"	"[अर्थ लंबित]"	"[अर्थ प्रलंबित: clock]"	"clock"	"noun"	"B2"
"żeglować"	"झेगलोवअच"	"झएगलओवअच"	"[अर्थ लंबित]"	"[अर्थ प्रलंबित: to sail]"	"to sail"	"verb"	"B1"
"zejść"	"ज़ेयशच"	"ज़एयशच"	"[अर्थ लंबित]"	"[अर्थ प्रलंबित: to descend]"	"to descend"	"noun"	"B2"
"żelazo"	"झेलअज़ो"	"झएलअज़ओ"	"[अर्थ लंबित]"	"[अर्थ प्रलंबित: iron]"	"iron"	"noun"	"B1"
"zespół"	"ज़ेसपउव"	"ज़एसपउव"	"[अर्थ लंबित]"	"[अर्थ प्रलंबित: team]"	"team"	"noun"	"B1"
"zezwolenie"	"ज़ेज़वोलेनिे"	"ज़एज़वओलएनिए"	"[अर्थ लंबित]"	"[अर्थ प्रलंबित: permission]"	"permission"	"noun"	"C1"
"zezwolić"	"ज़ेज़वोलिच"	"ज़एज़वओलइच"	"[अर्थ लंबित]"	"[अर्थ प्रलंबित: to allow]"	"to allow"	"verb"	"A1"
"zgadywać"	"ज़गअदिवअच"	"ज़गअदइवअच"	"[अर्थ लंबित]"	"[अर्थ प्रलंबित: to guess]"	"to guess"	"verb"	"A2"
"zgadzać się"	"ज़गअजअच शिएं"	"ज़गअजअच शिएं"	"[अर्थ लंबित]"	"[अर्थ प्रलंबित: to agree]"	"to agree"	"noun"	"A2"
"zginać"	"ज़गिनअच"	"ज़गइनअच"	"[अर्थ लंबित]"	"[अर्थ प्रलंबित: to bend]"	"to bend"	"verb"	"A2"
"zgodzić się"	"ज़गोजिच शिएं"	"ज़गओजिच शिएं"	"[अर्थ लंबित]"	"[अर्थ प्रलंबित: to accord]"	"to accord"	"noun"	"B1"
"zidentyfikować"	"ज़िदेनतिफिकोवअच"	"ज़िदएनतइफइकओवअच"	"[अर्थ लंबित]"	"[अर्थ प्रलंबित: to identify]"	"to identify"	"verb"	"B2"
"zielony"	"ज़िेलोनि"	"ज़िएलओनइ"	"हरा"	"हिरवा"	"green"	"noun"	"C1"
"zielska"	"ज़िेलसकअ"	"ज़िएलसकअ"	"[अर्थ लंबित]"	"[अर्थ प्रलंबित]"	""	"noun"	"C1"
"ziemia"	"ज़िेमिअ"	"ज़िएमइअ"	"[अर्थ लंबित]"	"[अर्थ प्रलंबित: ground]"	"ground"	"noun"	"A1"
"ziemniaki"	"ज़िेमनिअकि"	"ज़िएमनिअकइ"	"आलू"	"बटाटा"	""	"noun"	"C1"
"zima"	"ज़िमअ"	"ज़िमअ"	"सर्दी"	"हिवाळ"	"winter"	"noun"	"C1"
"zimno"	"ज़िमनो"	"ज़िमनओ"	"[अर्थ लंबित]"	"[अर्थ प्रलंबित: cold]"	"cold"	"noun"	"A1"
"zimny"	"ज़िमनि"	"ज़िमनइ"	"ठंडा"	"थंड"	""	"noun"	"C1"
"złagodzić"	"ज़वअगोजिच"	"ज़वअगओजिच"	"[अर्थ लंबित]"	"[अर्थ प्रलंबित: to ease]"	"to ease"	"verb"	"B1"
"złamać"	"ज़वअमअच"	"ज़वअमअच"	"[अर्थ लंबित]"	"[अर्थ प्रलंबित: to break]"	"to break"	"verb"	"A1"
"złamany"	"ज़वअमअनि"	"ज़वअमअनइ"	"[अर्थ लंबित]"	"[अर्थ प्रलंबित: broken]"	"broken"	"noun"	"C1"
"złapać"	"ज़वअपअच"	"ज़वअपअच"	"[अर्थ लंबित]"	"[अर्थ प्रलंबित: to catch]"	"to catch"	"verb"	"A1"
"źle"	"ज़ले"	"ज़लए"	"[अर्थ लंबित]"	"[अर्थ प्रलंबित: wrong]"	"wrong"	"noun"	"A1"
"zło"	"ज़वो"	"ज़वओ"	"[अर्थ लंबित]"	"[अर्थ प्रलंबित: evil]"	"evil"	"noun"	"B1"
"złość"	"ज़वोशच"	"ज़वओशच"	"[अर्थ लंबित]"	"[अर्थ प्रलंबित: spite]"	"spite"	"noun"	"B2"
"złoto"	"ज़वोतो"	"ज़वओतओ"	"[अर्थ लंबित]"	"[अर्थ प्रलंबित: gold]"	"gold"	"noun"	"A2"
"złoty"	"ज़वोति"	"ज़वओतइ"	"[अर्थ लंबित]"	"[अर्थ प्रलंबित: golden]"	"golden"	"noun"	"B1"
"złożyć"	"ज़वोझिच"	"ज़वओझइच"	"[अर्थ लंबित]"	"[अर्थ प्रलंबित: to fold]"	"to fold"	"verb"	"B1"
"zły"	"ज़वि"	"ज़वइ"	"बुरा"	"वाईट"	"bad"	"noun"	"C1"
"zmagać się"	"ज़मअगअच शिएं"	"ज़मअगअच शिएं"	"[अर्थ लंबित]"	"[अर्थ प्रलंबित: to struggle]"	"to struggle"	"noun"	"A2"
"zmęczyć"	"ज़मएंचिच"	"ज़मएंचइच"	"[अर्थ लंबित]"	"[अर्थ प्रलंबित: to tire]"	"to tire"	"verb"	"A2"
"zmiażdżyć"	"ज़मिअझजिच"	"ज़मइअझजइच"	"[अर्थ लंबित]"	"[अर्थ प्रलंबित: to crush]"	"to crush"	"verb"	"C1"
"zmieniać"	"ज़मिेनिअच"	"ज़मइएनिअच"	"[अर्थ लंबित]"	"[अर्थ प्रलंबित: to swing]"	"to swing"	"verb"	"A2"
"zmienić"	"ज़मिेनिच"	"ज़मइएनिच"	"बदलना"	"बदलणे"	"to change"	"verb"	"C1"
"znać"	"ज़नअच"	"ज़नअच"	"जानना"	"जाणून"	""	"verb"	"C1"
"znaczenie"	"ज़नअचेनिे"	"ज़नअचएनिए"	"[अर्थ लंबित]"	"[अर्थ प्रलंबित: meaning]"	"meaning"	"noun"	"B1"
"znaczyć"	"ज़नअचिच"	"ज़नअचइच"	"[अर्थ लंबित]"	"[अर्थ प्रलंबित: to mean]"	"to mean"	"verb"	"A1"
"znajomy"	"ज़नअयोमि"	"ज़नअयओमइ"	"[अर्थ लंबित]"	"[अर्थ प्रलंबित: familiar]"	"familiar"	"noun"	"B1"
"znak"	"ज़नअक"	"ज़नअक"	"[अर्थ लंबित]"	"[अर्थ प्रलंबित: sign]"	"sign"	"noun"	"A2"
"znaleźć"	"ज़नअलेज़च"	"ज़नअलएज़च"	"[अर्थ लंबित]"	"[अर्थ प्रलंबित: to find]"	"to find"	"noun"	"A1"
"zniknąć"	"ज़निकनओंच"	"ज़निकनओंच"	"[अर्थ लंबित]"	"[अर्थ प्रलंबित: to disappear]"	"to disappear"	"noun"	"A2"
"zniszczyć"	"ज़निश्चिच"	"ज़निश्चइच"	"[अर्थ लंबित]"	"[अर्थ प्रलंबित: to destroy]"	"to destroy"	"verb"	"B1"
"znosić"	"ज़नोशिच"	"ज़नओशिच"	"[अर्थ लंबित]"	"[अर्थ प्रलंबित: to bear]"	"to bear"	"verb"	"A1"
"zobaczyć"	"ज़ोबअचिच"	"ज़ओबअचइच"	"[अर्थ लंबित]"	"[अर्थ प्रलंबित: to see]"	"to see"	"verb"	"A1"
"żołądek"	"झोवओंदेक"	"झओवओंदएक"	"[अर्थ लंबित]"	"[अर्थ प्रलंबित: stomach]"	"stomach"	"noun"	"B1"
"żołnierz"	"झोवनिेझ"	"झओवनिएझ"	"[अर्थ लंबित]"	"[अर्थ प्रलंबित: soldier]"	"soldier"	"noun"	"A2"
"żółty"	"झउवति"	"झउवतइ"	"पीला"	"पिवळा"	"yellow"	"noun"	"C1"
"żona"	"झोनअ"	"झओनअ"	"पत्नी"	"पत्नी"	"wife"	"noun"	"C1"
"zorganizować"	"ज़ोरगअनिज़ोवअच"	"ज़ओरगअनिज़ओवअच"	"[अर्थ लंबित]"	"[अर्थ प्रलंबित: to arrange]"	"to arrange"	"verb"	"B1"
"zostać"	"ज़ोसतअच"	"ज़ओसतअच"	"[अर्थ लंबित]"	"[अर्थ प्रलंबित: to become]"	"to become"	"verb"	"A1"
"zostawiać"	"ज़ोसतअविअच"	"ज़ओसतअवइअच"	"[अर्थ लंबित]"	"[अर्थ प्रलंबित: to leave]"	"to leave"	"verb"	"C1"
"zrobić"	"ज़रोबिच"	"ज़रओबइच"	"करना"	"करणे"	""	"verb"	"C1"
"źródło"	"ज़रउदवो"	"ज़रउदवओ"	"[अर्थ लंबित]"	"[अर्थ प्रलंबित: source]"	"source"	"noun"	"B1"
"zrozumienie"	"ज़रोज़ुमिेनिे"	"ज़रओज़उमइएनिए"	"[अर्थ लंबित]"	"[अर्थ प्रलंबित: understanding]"	"understanding"	"noun"	"B2"
"zrujnować"	"ज़रुयनोवअच"	"ज़रउयनओवअच"	"[अर्थ लंबित]"	"[अर्थ प्रलंबित: to ruin]"	"to ruin"	"verb"	"B1"
"zupełnie"	"ज़ुपेवनिे"	"ज़उपएवनिए"	"[अर्थ लंबित]"	"[अर्थ प्रलंबित: altogether]"	"altogether"	"noun"	"B2"
"zupy"	"ज़ुपि"	"ज़उपइ"	"[अर्थ लंबित]"	"[अर्थ प्रलंबित: supper]"	"supper"	"noun"	"B2"
"związany"	"ज़विओंज़अनि"	"ज़वइओंज़अनइ"	"[अर्थ लंबित]"	"[अर्थ प्रलंबित: bound]"	"bound"	"noun"	"B1"
"związek"	"ज़विओंज़ेक"	"ज़वइओंज़एक"	"[अर्थ लंबित]"	"[अर्थ प्रलंबित: relationship]"	"relationship"	"noun"	"B1"
"związek małżeński"	"ज़विओंज़ेक मअवझेञसकि"	"ज़वइओंज़एक मअवझएञसकइ"	"[अर्थ लंबित]"	"[अर्थ प्रलंबित: marriage]"	"marriage"	"noun"	"A2"
"zwiększyć"	"ज़विएंकशिच"	"ज़वइएंकशइच"	"[अर्थ लंबित]"	"[अर्थ प्रलंबित: to increase]"	"to increase"	"verb"	"B1"
"zwierzę"	"ज़विेझएं"	"ज़वइएझएं"	"[अर्थ लंबित]"	"[अर्थ प्रलंबित: animal]"	"animal"	"noun"	"A2"
"zwinąć się"	"ज़विनओंच शिएं"	"ज़वइनओंच शिएं"	"[अर्थ लंबित]"	"[अर्थ प्रलंबित: to curl]"	"to curl"	"noun"	"B2"
"zwrócić"	"ज़वरउचिच"	"ज़वरउचिच"	"[अर्थ लंबित]"	"[अर्थ प्रलंबित]"	""	"verb"	"C1"
"zwyczaj"	"ज़विचअय"	"ज़वइचअय"	"[अर्थ लंबित]"	"[अर्थ प्रलंबित: custom]"	"custom"	"noun"	"C1"
"zwykły"	"ज़विकवि"	"ज़वइकवइ"	"[अर्थ लंबित]"	"[अर्थ प्रलंबित: usual]"	"usual"	"noun"	"A2"
"żyć"	"झिच"	"झइच"	"[अर्थ लंबित]"	"[अर्थ प्रलंबित: to live]"	"to live"	"verb"	"A1"
"życie"	"झिचिे"	"झइचिए"	"[अर्थ लंबित]"	"[अर्थ प्रलंबित: life]"	"life"	"noun"	"A1"
"życzyć"	"झिचिच"	"झइचइच"	"[अर्थ लंबित]"	"[अर्थ प्रलंबित: to wish]"	"to wish"	"verb"	"A1"
"Żyd"	"झिद"	"झइद"	"[अर्थ लंबित]"	"[अर्थ प्रलंबित: Jew]"	"Jew"	"noun"	"B2"
"zyskać"	"ज़िसकअच"	"ज़इसकअच"	"[अर्थ लंबित]"	"[अर्थ प्रलंबित: to gain]"	"to gain"	"verb"	"B1"
"żywy"	"झिवि"	"झइवइ"	"[अर्थ लंबित]"	"[अर्थ प्रलंबित: alive]"	"alive"	"noun"	"A2"
